"","docname","Segment","WPS","WC","Sixltr","Dic","x1_function","x2_pronoun","x3_ppron","x4_i","x5_we","x6_you","x7_shehe","x8_they","x9_ipron","x10_article","x11_prep","x12_auxverb","x13_adverb","x14_conj","x15_negate","x20_verb","x21_adj","x22_compare","x23_interrog","x24_number","x25_quant","x30_affect","x31_posemo","x32_negemo","x33_anx","x34_anger","x35_sad","x40_social","x41_family","x42_friend","x43_female","x44_male","x50_cogproc","x51_insight","x52_cause","x53_discrep","x54_tentat","x55_certain","x56_differ","x60_percept","x61_see","x62_hear","x63_feel","x70_bio","x71_body","x72_health","x73_sexual","x74_ingest","x80_drives","x81_affiliation","x82_achieve","x83_power","x84_reward","x85_risk","x90_focuspast","x91_focuspresent","x92_focusfuture","x100_relativ","x101_motion","x102_space","x103_time","x110_work","x111_leisure","x112_home","x113_money","x114_relig","x115_death","x120_informal","x121_swear","x122_netspeak","x123_assent","x124_nonflu","x125_filler","AllPunc","Period","Comma","Colon","SemiC","QMark","Exclam","Dash","Quote","Apostro","Parenth","OtherP"
"1","1",1,5,10,10,170,20,10,10,10,0,0,0,0,0,0,10,10,0,0,0,10,0,0,0,0,0,10,10,0,0,0,0,0,0,0,0,0,0,0,0,0,0,0,0,0,0,0,0,0,0,0,0,0,0,0,0,0,0,0,0,10,0,0,0,0,0,10,0,0,0,10,0,20,0,0,20,0,0,50,20,20,0,0,0,0,0,10,10,0,50
"2","2",2,4,4,0,250,0,0,0,0,0,0,0,0,0,0,0,0,0,0,0,0,25,0,0,0,0,25,25,0,0,0,0,0,0,0,0,0,0,0,0,0,0,0,0,0,0,0,0,0,0,0,0,0,25,0,25,0,0,0,0,50,0,25,0,0,25,25,0,0,0,0,0,0,0,0,0,0,0,25,25,0,0,0,0,0,0,0,0,0,25
"3","3",3,9,18,5.56,311.11,38.89,11.11,5.56,5.56,0,0,0,0,5.56,5.56,5.56,22.22,0,0,0,33.33,11.11,5.56,0,0,11.11,16.67,11.11,5.56,0,0,0,0,0,0,0,0,16.67,5.56,0,0,11.11,0,0,0,0,0,0,0,0,0,0,0,11.11,0,5.56,0,5.56,5.56,11.11,22.22,0,11.11,0,0,11.11,0,0,0,0,0,0,0,0,0,0,0,0,16.67,11.11,0,0,0,0,0,0,5.56,5.56,0,16.67
"4","4",4,5.5,11,18.18,200,27.27,9.09,9.09,0,0,9.09,0,0,0,0,0,9.09,9.09,9.09,0,9.09,9.09,0,0,0,0,0,0,0,0,0,0,9.09,0,0,0,0,0,0,0,0,0,0,0,18.18,9.09,9.09,0,0,0,0,0,0,0,0,0,0,0,0,0,9.09,0,9.09,0,9.09,0,0,0,9.09,0,0,0,9.09,0,0,9.09,0,0,36.36,18.18,9.09,0,0,0,0,0,9.09,9.09,0,36.36
"5","5",5,7,7,0,271.43,57.14,28.57,14.29,0,0,14.29,0,0,14.29,0,14.29,14.29,0,0,0,28.57,0,0,0,0,14.29,0,0,0,0,0,0,14.29,0,0,0,0,0,0,0,0,0,0,0,0,0,0,0,0,0,0,0,0,14.29,0,0,0,14.29,0,0,28.57,0,0,0,0,0,0,0,0,0,0,0,0,0,0,0,0,0,14.29,0,0,0,0,14.29,0,0,0,0,0,14.29
"6","6",6,16,64,6.25,264.06,45.31,12.5,7.81,6.25,0,1.56,0,0,4.69,4.69,14.06,10.94,4.69,4.69,3.12,15.62,6.25,6.25,1.56,3.12,3.12,4.69,3.12,1.56,1.56,0,0,3.12,0,0,0,0,7.81,1.56,0,0,1.56,1.56,3.12,3.12,0,1.56,1.56,0,0,0,0,0,4.69,0,0,4.69,0,0,4.69,10.94,0,20.31,0,12.5,7.81,0,0,0,0,0,0,3.12,0,0,3.12,0,0,28.12,6.25,14.06,0,0,0,0,0,7.81,7.81,0,28.12
"7","7",7,11.6666666666667,35,5.71,245.71,48.57,8.57,5.71,0,2.86,2.86,0,0,2.86,14.29,14.29,8.57,0,2.86,2.86,22.86,2.86,2.86,0,0,0,2.86,2.86,0,0,0,0,8.57,0,0,0,0,11.43,0,0,5.71,2.86,0,2.86,2.86,0,2.86,0,0,0,0,0,0,5.71,2.86,0,0,2.86,0,0,11.43,0,14.29,2.86,11.43,0,0,0,8.57,0,0,0,0,0,0,0,0,0,25.71,8.57,11.43,0,0,0,0,0,5.71,5.71,0,25.71
"8","8",8,29.3333333333333,88,9.09,243.18,50,9.09,6.82,4.55,0,2.27,0,0,2.27,5.68,20.45,2.27,2.27,10.23,2.27,9.09,2.27,5.68,1.14,1.14,3.41,1.14,0,1.14,0,0,0,7.95,0,0,0,0,9.09,0,1.14,1.14,2.27,2.27,4.55,2.27,0,2.27,0,1.14,1.14,0,0,0,5.68,0,1.14,4.55,0,0,5.68,3.41,1.14,19.32,4.55,12.5,2.27,4.55,0,0,0,0,0,0,0,0,0,0,0,12.5,3.41,9.09,0,0,0,0,0,0,0,0,12.5
"9","9",9,8.66666666666667,26,7.69,265.38,53.85,15.38,7.69,0,7.69,0,0,0,7.69,3.85,23.08,7.69,3.85,0,0,15.38,0,3.85,3.85,0,0,0,0,0,0,0,0,7.69,0,0,0,0,3.85,0,0,3.85,0,0,0,0,0,0,0,0,0,0,0,0,15.38,7.69,0,3.85,3.85,0,0,11.54,3.85,19.23,3.85,11.54,3.85,3.85,7.69,0,0,0,0,0,0,0,0,0,0,11.54,7.69,0,0,0,3.85,0,0,0,0,0,11.54
"10","10",10,6,6,0,250,50,33.33,16.67,16.67,0,0,0,0,16.67,0,0,16.67,0,0,0,33.33,0,0,0,0,0,0,0,0,0,0,0,0,0,0,0,0,16.67,16.67,0,0,0,0,0,0,0,0,0,0,0,0,0,0,0,0,0,0,0,0,0,33.33,0,0,0,0,0,0,0,0,0,0,0,0,0,0,0,0,0,16.67,16.67,0,0,0,0,0,0,0,0,0,16.67
"11","11",11,9,18,16.67,300,38.89,16.67,16.67,11.11,5.56,0,0,0,0,0,0,16.67,11.11,5.56,5.56,22.22,11.11,0,5.56,0,0,5.56,5.56,0,0,0,0,5.56,0,0,0,0,16.67,5.56,5.56,0,0,0,5.56,0,0,0,0,0,0,0,0,0,11.11,5.56,0,5.56,0,0,5.56,16.67,0,5.56,0,5.56,0,5.56,5.56,0,0,5.56,0,5.56,0,0,0,5.56,0,33.33,5.56,11.11,0,0,5.56,0,0,11.11,11.11,0,33.33
"12","12",12,3.66666666666667,11,9.09,172.73,9.09,0,0,0,0,0,0,0,0,0,9.09,0,0,0,0,0,0,0,0,9.09,0,0,0,0,0,0,0,0,0,0,0,0,9.09,0,9.09,0,0,0,0,0,0,0,0,0,0,0,0,0,0,0,0,0,0,0,0,0,0,63.64,0,0,63.64,0,0,0,0,0,0,0,0,0,0,0,0,27.27,18.18,0,0,0,9.09,0,0,0,0,0,27.27
"13","13",13,15,30,0,290,50,20,13.33,13.33,0,0,0,0,6.67,3.33,13.33,10,0,3.33,3.33,16.67,10,10,0,0,3.33,3.33,3.33,0,0,0,0,3.33,3.33,0,0,3.33,10,0,3.33,3.33,3.33,0,0,0,0,0,0,6.67,3.33,0,0,3.33,6.67,0,0,3.33,3.33,0,3.33,6.67,3.33,16.67,0,3.33,13.33,0,0,3.33,0,0,0,0,0,0,0,0,0,20,6.67,10,0,0,0,0,0,3.33,3.33,0,20
"14","14",14,8,8,0,350,62.5,37.5,37.5,0,0,25,0,12.5,0,0,0,25,0,0,12.5,37.5,0,0,0,0,0,0,0,0,0,0,0,50,0,0,0,0,0,0,0,0,0,0,0,12.5,0,12.5,0,0,0,0,0,0,0,0,0,0,0,0,0,25,0,0,0,0,0,0,0,0,0,0,0,0,0,0,0,0,0,25,0,0,0,0,12.5,0,0,12.5,12.5,0,25
"15","15",15,2,2,0,100,50,0,0,0,0,0,0,0,0,0,0,0,0,0,50,0,0,0,0,0,0,0,0,0,0,0,0,0,0,0,0,0,0,0,0,0,0,0,0,0,0,0,0,0,0,0,0,0,0,0,0,0,0,0,0,0,0,0,0,0,0,0,0,0,0,0,0,0,0,0,0,0,0,50,50,0,0,0,0,0,0,0,0,0,50
"16","16",16,4,8,0,312.5,62.5,37.5,37.5,0,0,25,0,12.5,0,0,0,25,0,0,0,25,0,0,0,0,0,12.5,12.5,0,0,0,0,37.5,0,0,0,0,0,0,0,0,0,0,0,0,0,0,0,0,0,0,0,0,0,0,0,0,0,0,0,25,0,0,0,0,0,0,0,0,0,0,0,0,0,0,0,0,0,25,0,0,0,0,25,0,0,0,0,0,25
"17","17",17,4,8,12.5,200,25,12.5,12.5,12.5,0,0,0,0,0,0,0,12.5,0,0,0,12.5,12.5,0,0,0,0,12.5,0,12.5,0,0,12.5,0,0,0,0,0,12.5,0,0,0,12.5,0,0,0,0,0,0,0,0,0,0,0,0,0,0,0,0,0,0,12.5,0,12.5,0,0,12.5,0,0,0,0,0,0,0,0,0,0,0,0,37.5,25,12.5,0,0,0,0,0,0,0,0,37.5
"18","18",18,3,3,33.33,266.67,33.33,0,0,0,0,0,0,0,0,0,0,0,0,0,33.33,0,0,0,0,0,0,0,0,0,0,0,0,0,0,0,0,0,66.67,0,0,0,33.33,0,33.33,0,0,0,0,0,0,0,0,0,0,0,0,0,0,0,0,0,0,33.33,0,0,33.33,0,0,0,0,0,0,0,0,0,0,0,0,33.33,33.33,0,0,0,0,0,0,0,0,0,33.33
"19","19",19,18,18,0,166.67,33.33,11.11,5.56,5.56,0,0,0,0,5.56,5.56,11.11,0,0,5.56,0,5.56,5.56,11.11,0,0,5.56,5.56,5.56,0,0,0,0,5.56,0,0,0,0,5.56,0,0,0,0,0,5.56,5.56,0,5.56,0,0,0,0,0,0,0,0,0,0,0,0,0,5.56,0,5.56,0,0,5.56,0,0,0,0,0,0,0,0,0,0,0,0,33.33,5.56,22.22,0,0,0,0,0,0,0,0,33.33
"20","20",20,12,12,0,283.33,50,33.33,25,8.33,0,16.67,0,0,8.33,0,0,16.67,0,0,0,33.33,0,0,8.33,0,0,8.33,8.33,0,0,0,0,25,0,0,0,0,8.33,8.33,0,0,0,0,0,0,0,0,0,0,0,0,0,0,0,0,0,0,0,0,0,25,0,0,0,0,0,0,0,0,0,0,0,0,0,0,0,0,0,16.67,0,8.33,0,0,8.33,0,0,0,0,0,16.67
"21","21",21,8.33333333333333,50,8,274,62,26,12,12,0,0,0,0,14,0,14,8,6,8,2,12,2,6,2,0,0,2,2,0,0,0,0,4,0,0,0,0,10,4,0,2,2,0,6,2,2,0,0,0,0,0,0,0,8,4,0,2,4,0,0,18,0,4,0,4,4,4,0,0,0,0,0,0,0,0,0,0,0,20,8,4,0,0,4,0,0,4,4,0,20
"22","22",22,12,36,11.11,275,52.78,13.89,11.11,2.78,0,8.33,0,0,2.78,0,25,5.56,2.78,8.33,0,19.44,0,8.33,0,2.78,0,2.78,2.78,0,0,0,0,19.44,0,0,0,0,2.78,2.78,0,0,0,0,0,5.56,0,5.56,0,0,0,0,0,0,5.56,0,0,5.56,0,0,5.56,8.33,2.78,16.67,2.78,13.89,0,2.78,0,2.78,2.78,0,0,0,0,0,0,0,0,16.67,8.33,5.56,0,0,0,0,0,2.78,2.78,0,16.67
"23","23",23,15.3333333333333,46,8.7,239.13,47.83,10.87,2.17,0,0,2.17,0,0,8.7,4.35,21.74,6.52,2.17,4.35,2.17,15.22,2.17,17.39,0,0,4.35,2.17,2.17,0,0,0,0,8.7,0,0,0,0,8.7,0,0,2.17,4.35,0,2.17,4.35,0,4.35,0,4.35,0,2.17,0,2.17,4.35,0,0,2.17,2.17,0,2.17,8.7,2.17,6.52,2.17,2.17,2.17,2.17,0,0,0,2.17,0,0,0,0,0,0,0,23.91,6.52,13.04,0,0,0,0,0,4.35,4.35,0,23.91
"24","24",24,18.6666666666667,56,21.43,260.71,48.21,8.93,5.36,0,3.57,0,1.79,0,3.57,3.57,17.86,7.14,3.57,8.93,0,12.5,7.14,12.5,0,1.79,5.36,1.79,0,1.79,0,0,0,19.64,1.79,1.79,0,1.79,7.14,0,0,0,5.36,0,1.79,5.36,3.57,1.79,0,5.36,0,5.36,0,0,7.14,7.14,0,0,0,0,1.79,10.71,0,7.14,0,5.36,1.79,0,1.79,1.79,0,0,0,0,0,0,0,0,0,16.07,5.36,5.36,0,0,0,0,0,5.36,5.36,0,16.07
"25","25",25,22,66,10.61,266.67,48.48,10.61,9.09,1.52,0,1.52,1.52,4.55,1.52,9.09,19.7,6.06,3.03,4.55,0,18.18,1.52,4.55,0,1.52,0,1.52,0,1.52,0,0,0,13.64,0,1.52,0,1.52,4.55,0,0,0,4.55,0,3.03,3.03,0,3.03,0,7.58,0,6.06,0,1.52,6.06,1.52,0,1.52,3.03,0,4.55,13.64,1.52,15.15,4.55,6.06,6.06,1.52,1.52,0,0,0,0,0,0,0,0,0,0,21.21,4.55,10.61,0,0,0,0,0,6.06,6.06,0,21.21
"26","26",26,19.3333333333333,58,15.52,282.76,56.9,17.24,8.62,1.72,0,0,1.72,5.17,8.62,1.72,17.24,8.62,10.34,5.17,3.45,13.79,1.72,8.62,0,1.72,0,0,0,0,0,0,0,10.34,1.72,0,0,3.45,6.9,0,0,1.72,6.9,0,3.45,0,0,0,0,5.17,0,5.17,0,0,8.62,1.72,0,6.9,0,0,0,13.79,1.72,13.79,5.17,3.45,5.17,5.17,0,0,0,0,0,0,0,0,0,0,0,20.69,5.17,5.17,0,0,0,0,0,10.34,10.34,0,20.69
"27","27",27,5.66666666666667,17,0,252.94,70.59,0,0,0,0,0,0,0,0,5.88,35.29,17.65,11.76,0,0,17.65,0,0,0,5.88,0,0,0,0,0,0,0,0,0,0,0,0,0,0,0,0,0,0,0,0,0,0,0,0,0,0,0,0,11.76,0,0,11.76,0,0,0,17.65,0,23.53,0,23.53,0,0,0,0,0,0,0,0,0,0,0,0,0,17.65,17.65,0,0,0,0,0,0,0,0,0,17.65
"28","28",28,28,84,10.71,314.29,55.95,20.24,11.9,7.14,0,0,2.38,2.38,8.33,3.57,11.9,9.52,7.14,5.95,1.19,19.05,7.14,3.57,1.19,0,0,7.14,5.95,1.19,0,1.19,0,10.71,0,1.19,0,2.38,15.48,1.19,2.38,3.57,2.38,1.19,7.14,5.95,2.38,2.38,1.19,2.38,1.19,0,0,1.19,4.76,2.38,0,2.38,0,0,4.76,11.9,0,11.9,2.38,8.33,2.38,2.38,0,0,0,0,0,1.19,0,0,1.19,0,0,15.48,3.57,8.33,0,0,0,0,0,3.57,3.57,0,15.48
"29","29",29,20.6666666666667,62,6.45,285.48,56.45,16.13,9.68,0,0,1.61,8.06,0,6.45,8.06,17.74,12.9,1.61,3.23,1.61,20.97,1.61,4.84,0,3.23,1.61,0,0,0,0,0,0,12.9,0,0,0,8.06,9.68,1.61,0,6.45,1.61,1.61,1.61,3.23,1.61,0,1.61,4.84,4.84,0,0,0,0,0,0,0,0,0,3.23,6.45,1.61,17.74,4.84,11.29,1.61,3.23,0,0,0,0,0,0,0,0,0,0,0,16.13,4.84,6.45,0,0,0,0,0,4.84,4.84,0,16.13
"30","30",30,10,10,20,220,60,20,0,0,0,0,0,0,20,10,20,10,0,0,0,10,0,0,0,0,0,0,0,0,0,0,0,0,0,0,0,0,0,0,0,0,0,0,0,0,0,0,0,0,0,0,0,0,0,0,0,0,0,0,0,10,0,30,0,30,0,0,0,0,0,0,0,0,0,0,0,0,0,10,10,0,0,0,0,0,0,0,0,0,10
"31","31",31,18,72,8.33,270.83,47.22,8.33,8.33,0,0,2.78,5.56,0,0,2.78,15.28,12.5,6.94,8.33,1.39,16.67,4.17,6.94,0,1.39,0,4.17,4.17,0,0,0,0,12.5,0,2.78,0,5.56,13.89,1.39,1.39,2.78,5.56,0,5.56,1.39,0,0,1.39,8.33,4.17,0,0,4.17,5.56,2.78,0,1.39,0,1.39,0,15.28,0,6.94,1.39,5.56,0,0,0,0,0,0,0,1.39,0,0,0,1.39,0,23.61,5.56,11.11,0,0,0,0,0,6.94,6.94,0,23.61
"32","32",32,12.3333333333333,37,13.51,278.38,45.95,16.22,13.51,8.11,0,0,5.41,0,2.7,5.41,10.81,13.51,2.7,8.11,0,18.92,0,0,2.7,10.81,0,2.7,2.7,0,0,0,0,5.41,0,0,0,5.41,8.11,2.7,2.7,0,2.7,0,2.7,2.7,0,0,2.7,8.11,8.11,0,0,0,2.7,0,0,2.7,0,0,8.11,8.11,0,13.51,0,10.81,2.7,0,5.41,0,0,0,2.7,0,0,0,0,0,0,16.22,8.11,0,0,0,0,0,0,8.11,8.11,0,16.22
"33","33",33,18,54,12.96,290.74,51.85,14.81,11.11,0,1.85,0,9.26,0,3.7,9.26,16.67,7.41,3.7,3.7,1.85,18.52,5.56,0,0,3.7,0,0,0,0,0,0,0,11.11,0,0,0,9.26,3.7,1.85,0,1.85,0,0,0,1.85,1.85,0,0,0,0,0,0,0,12.96,1.85,0,9.26,1.85,0,7.41,7.41,0,25.93,5.56,16.67,3.7,0,0,0,0,0,0,1.85,0,0,1.85,0,0,14.81,5.56,3.7,0,0,0,0,0,5.56,5.56,0,14.81
"34","34",34,13,39,10.26,241.03,43.59,12.82,5.13,0,0,5.13,0,0,7.69,5.13,10.26,12.82,2.56,0,0,20.51,5.13,2.56,2.56,0,5.13,2.56,2.56,0,0,0,0,7.69,0,0,0,0,12.82,0,0,2.56,7.69,2.56,0,2.56,0,2.56,0,0,0,0,0,0,5.13,2.56,0,2.56,0,0,5.13,10.26,0,12.82,2.56,10.26,0,0,5.13,0,0,0,0,0,0,0,0,0,0,17.95,7.69,10.26,0,0,0,0,0,0,0,0,17.95
"35","35",35,6,6,16.67,216.67,33.33,0,0,0,0,0,0,0,0,0,0,0,16.67,16.67,0,0,0,0,0,0,0,0,0,0,0,0,0,16.67,0,0,0,0,16.67,0,0,0,16.67,0,16.67,0,0,0,0,0,0,0,0,0,16.67,16.67,16.67,0,0,0,0,0,0,0,0,0,0,16.67,16.67,0,0,0,0,0,0,0,0,0,0,16.67,16.67,0,0,0,0,0,0,0,0,0,16.67
"36","36",36,5,5,0,240,40,0,0,0,0,0,0,0,0,0,0,20,20,20,0,20,0,0,20,0,0,0,0,0,0,0,0,0,0,0,0,0,20,0,20,0,0,0,0,0,0,0,0,0,0,0,0,0,0,0,0,0,0,0,0,20,0,20,0,20,0,0,0,0,0,0,0,0,0,0,0,0,0,20,0,0,0,0,20,0,0,0,0,0,20
"37","37",37,9,18,0,272.22,55.56,16.67,16.67,5.56,5.56,0,5.56,0,0,11.11,16.67,5.56,11.11,0,0,11.11,0,0,0,5.56,0,0,0,0,0,0,0,11.11,0,0,0,5.56,11.11,5.56,0,0,5.56,0,0,0,0,0,0,0,0,0,0,0,5.56,5.56,0,0,0,0,5.56,5.56,0,22.22,0,11.11,11.11,0,0,0,0,0,0,0,0,0,0,0,0,11.11,11.11,0,0,0,0,0,0,0,0,0,11.11
"38","38",38,6,12,0,225,50,16.67,16.67,16.67,0,0,0,0,0,0,0,16.67,8.33,0,8.33,25,0,0,0,0,0,0,0,0,0,0,0,0,0,0,0,0,25,8.33,0,8.33,0,0,8.33,0,0,0,0,0,0,0,0,0,0,0,0,0,0,0,0,16.67,0,0,0,0,0,0,0,0,0,0,0,0,0,0,0,0,0,16.67,16.67,0,0,0,0,0,0,0,0,0,16.67
"39","39",39,5.66666666666667,17,5.88,258.82,41.18,17.65,11.76,11.76,0,0,0,0,5.88,0,5.88,5.88,17.65,0,0,17.65,0,0,0,11.76,0,0,0,0,0,0,0,5.88,0,0,0,0,17.65,11.76,0,0,0,0,5.88,0,0,0,0,0,0,0,0,0,5.88,5.88,5.88,0,0,0,0,17.65,0,5.88,0,5.88,0,5.88,5.88,0,0,0,0,5.88,0,0,5.88,0,0,23.53,17.65,0,0,0,0,0,0,5.88,5.88,0,23.53
"40","40",40,26.75,107,10.28,307.48,52.34,15.89,13.08,6.54,1.87,1.87,0,2.8,2.8,5.61,10.28,8.41,5.61,10.28,2.8,23.36,2.8,2.8,0.93,1.87,0.93,7.48,7.48,0,0,0,0,14.95,0,0,0,0,13.08,0.93,0.93,5.61,6.54,0.93,4.67,5.61,0,5.61,0,0.93,0.93,0,0,0,4.67,3.74,0.93,0.93,0,0,4.67,10.28,0.93,6.54,0.93,1.87,4.67,1.87,14.95,0,0,0,0,0.93,0,0,0.93,0,0,14.95,2.8,6.54,0,0,0,0,0,5.61,5.61,0,14.95
"41","41",41,0,0,0,0,0,0,0,0,0,0,0,0,0,0,0,0,0,0,0,0,0,0,0,0,0,0,0,0,0,0,0,0,0,0,0,0,0,0,0,0,0,0,0,0,0,0,0,0,0,0,0,0,0,0,0,0,0,0,0,0,0,0,0,0,0,0,0,0,0,0,0,0,0,0,0,0,0,0,0,0,0,0,0,0,0,0,0,0,0
"42","42",42,29,87,4.6,257.47,49.43,11.49,9.2,5.75,1.15,0,1.15,1.15,2.3,3.45,12.64,9.2,6.9,9.2,1.15,12.64,6.9,3.45,0,4.6,0,2.3,2.3,0,0,0,0,6.9,0,1.15,0,2.3,8.05,1.15,0,2.3,3.45,0,3.45,5.75,0,3.45,2.3,1.15,1.15,0,0,0,8.05,1.15,1.15,5.75,0,0,1.15,8.05,0,16.09,0,13.79,3.45,0,0,0,0,0,0,0,0,0,0,0,0,13.79,3.45,6.9,0,0,0,0,0,3.45,3.45,0,13.79
"43","43",43,12,36,16.67,275,44.44,8.33,5.56,5.56,0,0,0,0,2.78,5.56,16.67,5.56,8.33,5.56,0,13.89,8.33,5.56,2.78,2.78,2.78,2.78,2.78,0,0,0,0,2.78,0,0,0,2.78,11.11,2.78,2.78,2.78,0,2.78,0,0,0,0,0,0,0,0,0,0,13.89,0,2.78,11.11,0,0,2.78,8.33,0,22.22,5.56,11.11,5.56,8.33,5.56,0,0,0,0,0,0,0,0,0,0,16.67,8.33,5.56,0,0,0,0,0,2.78,2.78,0,16.67
"44","44",44,6,6,0,350,66.67,16.67,16.67,0,0,0,0,16.67,0,16.67,0,33.33,0,0,0,33.33,0,0,0,0,0,0,0,0,0,0,0,33.33,0,0,0,0,0,0,0,0,0,0,0,0,0,0,0,0,0,0,0,0,16.67,16.67,16.67,0,0,0,0,33.33,0,0,0,0,0,16.67,16.67,0,0,0,0,0,0,0,0,0,0,16.67,0,0,0,0,16.67,0,0,0,0,0,16.67
"45","45",45,22.25,89,11.24,265.17,46.07,13.48,5.62,2.25,0,2.25,0,1.12,7.87,3.37,12.36,8.99,4.49,4.49,1.12,21.35,2.25,6.74,1.12,0,0,8.99,7.87,1.12,0,0,0,7.87,0,0,0,0,13.48,2.25,0,3.37,3.37,2.25,4.49,2.25,0,2.25,0,0,0,0,0,0,8.99,3.37,4.49,1.12,2.25,1.12,0,11.24,1.12,3.37,1.12,0,2.25,3.37,11.24,1.12,0,0,0,2.25,0,0,2.25,0,0,17.98,4.49,11.24,0,0,0,0,0,2.25,2.25,0,17.98
"46","46",46,24.6666666666667,74,12.16,233.78,44.59,10.81,8.11,6.76,0,1.35,0,0,2.7,8.11,13.51,6.76,2.7,4.05,0,18.92,1.35,4.05,2.7,0,2.7,5.41,5.41,0,0,0,0,9.46,0,2.7,0,0,8.11,1.35,1.35,1.35,2.7,0,1.35,4.05,1.35,2.7,0,0,0,0,0,0,2.7,2.7,0,0,0,0,9.46,4.05,0,6.76,0,4.05,4.05,0,13.51,0,0,0,0,0,0,0,0,0,0,14.86,4.05,10.81,0,0,0,0,0,0,0,0,14.86
"47","47",47,17,34,8.82,261.76,44.12,8.82,8.82,0,0,8.82,0,0,0,8.82,8.82,8.82,5.88,11.76,0,14.71,2.94,0,2.94,0,0,0,0,0,0,0,0,20.59,0,2.94,0,2.94,11.76,2.94,2.94,2.94,2.94,0,5.88,5.88,0,5.88,0,0,0,0,0,0,0,0,0,0,0,0,0,17.65,0,17.65,5.88,5.88,11.76,0,0,0,0,0,0,0,0,0,0,0,0,14.71,2.94,5.88,0,0,2.94,0,0,2.94,2.94,0,14.71
"48","48",48,5,10,10,270,60,20,0,0,0,0,0,0,20,10,0,30,0,0,0,30,10,0,10,0,10,0,0,0,0,0,0,0,0,0,0,0,10,0,0,10,0,0,0,0,0,0,0,0,0,0,0,0,0,0,0,0,0,0,0,20,0,10,10,0,10,0,0,0,0,0,0,0,0,0,0,0,0,20,0,0,0,0,20,0,0,0,0,0,20
"49","49",49,3,3,0,0,0,0,0,0,0,0,0,0,0,0,0,0,0,0,0,0,0,0,0,0,0,0,0,0,0,0,0,0,0,0,0,0,0,0,0,0,0,0,0,0,0,0,0,0,0,0,0,0,0,0,0,0,0,0,0,0,0,0,0,0,0,0,0,0,0,0,0,0,0,0,0,0,0,33.33,33.33,0,0,0,0,0,0,0,0,0,33.33
"50","50",50,6,6,16.67,166.67,33.33,0,0,0,0,0,0,0,0,16.67,0,0,16.67,16.67,0,0,16.67,0,0,16.67,16.67,0,0,0,0,0,0,0,0,0,0,0,0,0,0,0,0,0,0,0,0,0,0,0,0,0,0,0,0,0,0,0,0,0,0,0,0,16.67,0,0,16.67,0,0,0,0,0,0,0,0,0,0,0,0,16.67,16.67,0,0,0,0,0,0,0,0,0,16.67
"51","51",51,20.2,101,9.9,261.39,48.51,10.89,7.92,4.95,0,0,0.99,1.98,2.97,2.97,16.83,10.89,5.94,6.93,0.99,17.82,4.95,4.95,1.98,0,0.99,3.96,1.98,1.98,0,1.98,0,10.89,0,2.97,0.99,0.99,6.93,1.98,0.99,0.99,0.99,0,1.98,0.99,0,0.99,0,0,0,0,0,0,4.95,2.97,0,0.99,0.99,0,6.93,6.93,0,13.86,0,6.93,6.93,0.99,8.91,0,0.99,0,0,1.98,1.98,0,0,0,0,15.84,2.97,7.92,0,0,0.99,0,0,3.96,3.96,0,15.84
"52","52",52,0,0,0,0,0,0,0,0,0,0,0,0,0,0,0,0,0,0,0,0,0,0,0,0,0,0,0,0,0,0,0,0,0,0,0,0,0,0,0,0,0,0,0,0,0,0,0,0,0,0,0,0,0,0,0,0,0,0,0,0,0,0,0,0,0,0,0,0,0,0,0,0,0,0,0,0,0,0,0,0,0,0,0,0,0,0,0,0,0
"53","53",53,6.33333333333333,19,10.53,273.68,52.63,26.32,15.79,5.26,0,10.53,0,0,10.53,0,10.53,10.53,5.26,0,0,10.53,5.26,0,5.26,0,5.26,5.26,5.26,0,0,0,0,10.53,0,0,0,0,5.26,0,0,0,0,5.26,0,0,0,0,0,0,0,0,0,0,0,0,0,0,0,0,5.26,10.53,0,21.05,0,15.79,5.26,0,10.53,0,0,0,0,0,0,0,0,0,0,15.79,10.53,0,0,0,5.26,0,0,0,0,0,15.79
"54","54",54,3.5,7,0,314.29,42.86,14.29,14.29,0,0,14.29,0,0,0,0,0,14.29,14.29,14.29,0,28.57,0,0,14.29,0,0,0,0,0,0,0,0,14.29,0,0,0,0,42.86,14.29,14.29,14.29,0,0,0,0,0,0,0,0,0,0,0,0,0,0,0,0,0,0,0,14.29,0,0,0,0,0,0,0,0,0,0,0,14.29,0,0,14.29,0,0,28.57,14.29,0,0,0,14.29,0,0,0,0,0,28.57
"55","55",55,7,14,7.14,228.57,42.86,21.43,0,0,0,0,0,0,21.43,7.14,7.14,14.29,0,0,0,14.29,0,0,7.14,0,0,14.29,14.29,0,0,0,0,0,0,0,0,0,7.14,0,0,0,7.14,0,0,0,0,0,0,0,0,0,0,0,0,0,0,0,0,0,0,14.29,0,7.14,0,7.14,0,0,7.14,0,0,0,0,7.14,0,0,7.14,0,0,28.57,7.14,7.14,0,0,7.14,0,0,7.14,7.14,0,28.57
"56","56",56,7,7,42.86,357.14,71.43,14.29,0,0,0,0,0,0,0,14.29,14.29,14.29,42.86,0,0,14.29,0,0,0,0,0,14.29,14.29,0,0,0,0,14.29,0,0,0,0,14.29,0,0,0,14.29,0,0,0,0,0,0,0,0,0,0,0,14.29,14.29,0,0,0,0,0,14.29,0,28.57,0,28.57,0,0,0,0,0,0,0,0,0,0,0,0,0,28.57,14.29,0,0,0,0,0,0,14.29,14.29,0,28.57
"57","57",57,8.33333333333333,25,4,316,56,24,16,4,0,12,0,0,8,4,4,20,4,8,8,24,4,4,8,0,0,12,8,4,0,0,0,16,0,0,0,0,8,0,4,0,0,0,4,4,0,4,0,4,0,4,0,0,8,0,0,4,4,0,4,16,0,0,0,0,0,0,0,0,0,0,0,0,0,0,0,0,0,36,4,12,0,0,8,0,0,12,12,0,36
"58","58",58,6,6,0,200,33.33,0,0,0,0,0,0,0,0,16.67,16.67,0,0,0,0,0,0,0,0,33.33,0,0,0,0,0,0,0,0,0,0,0,0,0,0,0,0,0,0,0,0,0,0,0,0,0,0,0,0,16.67,0,0,16.67,0,0,0,0,0,33.33,0,33.33,0,0,0,0,0,0,0,0,0,0,0,0,0,16.67,16.67,0,0,0,0,0,0,0,0,0,16.67
"59","59",59,14.75,59,15.25,306.78,47.46,15.25,13.56,10.17,1.69,0,1.69,0,1.69,6.78,10.17,10.17,3.39,6.78,0,22.03,10.17,8.47,1.69,6.78,0,3.39,3.39,0,0,0,0,10.17,0,0,0,1.69,10.17,5.08,0,1.69,1.69,0,3.39,3.39,0,3.39,0,0,0,0,0,0,8.47,5.08,3.39,3.39,0,0,5.08,11.86,0,15.25,0,8.47,6.78,3.39,10.17,0,0,0,0,0,0,0,0,0,0,10.17,6.78,1.69,0,0,0,0,0,1.69,1.69,0,10.17
"60","60",60,7.33333333333333,22,13.64,304.55,40.91,22.73,13.64,4.55,4.55,4.55,0,0,9.09,4.55,4.55,13.64,4.55,4.55,4.55,22.73,9.09,0,0,4.55,0,0,0,0,0,0,0,18.18,0,0,0,0,9.09,4.55,0,4.55,4.55,0,4.55,0,0,0,0,0,0,0,0,0,18.18,9.09,0,9.09,0,0,0,18.18,0,13.64,0,9.09,0,4.55,4.55,0,0,0,0,0,0,0,0,0,0,31.82,13.64,4.55,0,0,0,0,0,13.64,13.64,0,31.82
"61","61",61,12,12,8.33,266.67,41.67,8.33,8.33,0,8.33,0,0,0,0,16.67,16.67,0,0,0,0,16.67,8.33,8.33,0,8.33,0,0,0,0,0,0,0,8.33,0,0,0,0,16.67,0,0,0,16.67,0,0,0,0,0,0,0,0,0,0,0,8.33,8.33,0,0,0,0,0,16.67,0,25,0,25,0,0,0,0,0,0,0,0,0,0,0,0,0,8.33,8.33,0,0,0,0,0,0,0,0,0,8.33
"62","62",62,8,16,12.5,262.5,43.75,31.25,18.75,6.25,0,12.5,0,0,12.5,0,6.25,0,0,6.25,0,6.25,6.25,6.25,0,12.5,0,0,0,0,0,0,0,18.75,0,0,0,0,18.75,6.25,0,0,12.5,0,6.25,6.25,0,0,6.25,0,0,0,0,0,0,0,0,0,0,0,0,6.25,0,6.25,0,0,6.25,0,0,0,0,0,0,0,0,0,0,0,0,18.75,12.5,6.25,0,0,0,0,0,0,0,0,18.75
"63","63",63,11,33,12.12,239.39,36.36,9.09,9.09,0,0,3.03,6.06,0,0,12.12,6.06,6.06,0,9.09,0,9.09,6.06,6.06,0,12.12,3.03,3.03,0,3.03,3.03,0,0,12.12,0,0,0,6.06,9.09,0,0,3.03,9.09,0,6.06,6.06,6.06,0,0,3.03,3.03,0,0,0,0,0,0,0,0,0,3.03,6.06,0,12.12,0,9.09,3.03,0,0,0,0,0,0,0,0,0,0,0,0,21.21,9.09,6.06,0,0,0,0,0,6.06,6.06,0,21.21
"64","64",64,10,10,0,220,50,10,10,0,0,0,10,0,0,0,10,10,10,10,0,10,0,0,0,20,0,0,0,0,0,0,0,10,0,0,0,10,0,0,0,0,0,0,0,0,0,0,0,10,10,0,0,0,0,0,0,0,0,0,10,0,0,10,0,10,0,0,0,0,0,0,0,0,0,0,0,0,0,10,10,0,0,0,0,0,0,0,0,0,10
"65","65",65,3.5,7,0,271.43,57.14,14.29,14.29,0,0,0,14.29,0,0,0,14.29,14.29,14.29,0,0,14.29,0,0,14.29,0,0,0,0,0,0,0,0,14.29,0,0,0,14.29,0,0,0,0,0,0,0,0,0,0,0,0,0,0,0,0,0,0,0,0,0,0,0,14.29,0,14.29,0,14.29,0,0,0,0,0,0,0,14.29,0,0,14.29,0,0,28.57,14.29,0,0,0,14.29,0,0,0,0,0,28.57
"66","66",66,8,8,12.5,312.5,50,37.5,25,0,0,12.5,12.5,0,12.5,12.5,0,0,0,0,0,12.5,0,0,0,0,0,12.5,12.5,0,0,0,0,50,0,12.5,0,25,0,0,0,0,0,0,0,0,0,0,0,0,0,0,0,0,0,0,0,0,0,0,12.5,0,0,0,0,0,0,0,12.5,0,0,0,0,0,0,0,0,0,0,12.5,12.5,0,0,0,0,0,0,0,0,0,12.5
"67","67",67,17.5,70,17.14,252.86,44.29,12.86,5.71,2.86,1.43,0,0,1.43,7.14,10,14.29,2.86,5.71,2.86,0,14.29,5.71,4.29,1.43,4.29,0,8.57,7.14,1.43,0,0,1.43,8.57,0,0,0,0,4.29,0,0,0,0,1.43,2.86,5.71,0,5.71,0,0,0,0,0,0,7.14,1.43,1.43,5.71,0,0,1.43,10,0,11.43,0,10,1.43,0,8.57,0,0,0,0,2.86,0,0,1.43,1.43,0,20,5.71,11.43,0,0,0,0,0,2.86,2.86,0,20
"68","68",68,15.6666666666667,47,14.89,257.45,38.3,8.51,4.26,4.26,0,0,0,0,4.26,10.64,6.38,10.64,0,4.26,2.13,17.02,14.89,8.51,2.13,8.51,0,2.13,2.13,0,0,0,0,4.26,0,0,0,0,10.64,4.26,0,2.13,2.13,0,4.26,2.13,0,2.13,0,4.26,4.26,0,0,0,6.38,2.13,2.13,4.26,0,0,2.13,10.64,0,17.02,0,14.89,2.13,2.13,2.13,2.13,0,0,0,0,0,0,0,0,0,19.15,6.38,8.51,0,0,0,0,0,4.26,4.26,0,19.15
"69","69",69,15,60,10,211.67,41.67,6.67,3.33,0,0,3.33,0,0,3.33,10,10,11.67,1.67,5,1.67,16.67,6.67,5,3.33,13.33,0,0,0,0,0,0,0,5,0,0,0,1.67,6.67,3.33,0,0,1.67,0,3.33,1.67,1.67,0,0,3.33,3.33,0,0,0,0,0,0,0,0,0,0,13.33,0,11.67,0,10,1.67,0,0,0,0,0,0,0,0,0,0,0,0,16.67,5,6.67,0,0,1.67,0,0,3.33,3.33,0,16.67
"70","70",70,10.3333333333333,31,12.9,322.58,48.39,25.81,12.9,3.23,0,0,9.68,0,12.9,0,6.45,12.9,3.23,6.45,3.23,22.58,0,0,0,6.45,9.68,0,0,0,0,0,0,12.9,3.23,0,0,9.68,16.13,0,3.23,0,3.23,0,9.68,0,0,0,0,3.23,0,3.23,0,0,6.45,3.23,0,3.23,0,0,9.68,12.9,0,16.13,0,12.9,3.23,0,3.23,3.23,0,0,0,0,0,0,0,0,0,16.13,9.68,0,0,0,0,0,0,6.45,6.45,0,16.13
"71","71",71,23.6666666666667,71,8.45,249.3,45.07,9.86,4.23,1.41,0,0,2.82,0,5.63,4.23,12.68,11.27,1.41,9.86,4.23,15.49,5.63,11.27,1.41,11.27,1.41,1.41,1.41,0,0,0,0,5.63,0,0,1.41,2.82,12.68,1.41,0,1.41,5.63,0,8.45,7.04,4.23,1.41,1.41,4.23,4.23,0,0,0,1.41,0,0,0,1.41,0,1.41,12.68,0,4.23,0,2.82,1.41,0,0,0,0,0,0,0,0,0,0,0,0,23.94,4.23,12.68,0,0,0,0,0,7.04,7.04,0,23.94
"72","72",72,13.6666666666667,41,9.76,258.54,34.15,12.2,12.2,0,0,0,12.2,0,0,2.44,14.63,4.88,2.44,2.44,0,9.76,9.76,7.32,0,0,2.44,2.44,2.44,0,0,0,0,17.07,0,0,0,12.2,7.32,2.44,2.44,0,0,2.44,0,9.76,4.88,2.44,2.44,2.44,2.44,0,0,0,7.32,0,4.88,4.88,0,0,0,12.2,0,12.2,0,12.2,0,4.88,0,0,0,0,0,0,0,0,0,0,0,19.51,7.32,9.76,0,0,0,0,0,2.44,2.44,0,19.51
"73","73",73,12.6666666666667,38,13.16,207.89,34.21,7.89,7.89,2.63,2.63,0,2.63,0,0,2.63,7.89,7.89,0,7.89,2.63,13.16,2.63,0,0,13.16,0,0,0,0,0,0,0,10.53,0,0,0,2.63,5.26,0,0,2.63,2.63,0,5.26,5.26,0,5.26,0,0,0,0,0,0,2.63,2.63,0,0,0,0,0,13.16,0,15.79,0,0,15.79,0,2.63,0,0,0,0,0,0,0,0,0,0,18.42,7.89,5.26,0,0,0,0,0,5.26,5.26,0,18.42
"74","74",74,9.66666666666667,29,0,210.34,37.93,6.9,3.45,0,0,3.45,0,0,3.45,6.9,10.34,6.9,3.45,10.34,0,17.24,3.45,0,3.45,24.14,3.45,3.45,3.45,0,0,0,0,3.45,0,0,0,0,10.34,3.45,3.45,3.45,0,0,0,0,0,0,0,0,0,0,0,0,3.45,0,0,0,3.45,0,3.45,6.9,0,6.9,0,0,6.9,0,0,0,3.45,0,0,0,0,0,0,0,0,17.24,6.9,3.45,0,0,3.45,0,0,3.45,3.45,0,17.24
"75","75",75,2,2,50,200,50,0,0,0,0,0,0,0,0,0,0,0,50,0,0,0,0,0,0,0,0,50,0,50,0,0,0,0,0,0,0,0,0,0,0,0,0,0,0,0,0,0,0,0,0,0,0,0,0,0,0,0,0,0,0,0,0,0,0,0,0,0,0,0,0,0,0,0,0,0,0,0,0,50,50,0,0,0,0,0,0,0,0,0,50
"76","76",76,25.25,101,9.9,324.75,54.46,18.81,10.89,3.96,0.99,0.99,3.96,0.99,7.92,7.92,13.86,7.92,2.97,5.94,0.99,16.83,7.92,5.94,0.99,1.98,3.96,3.96,1.98,1.98,0,0.99,0,15.84,2.97,0,0.99,5.94,16.83,3.96,2.97,1.98,2.97,1.98,3.96,2.97,0,1.98,0,0,0,0,0,0,10.89,3.96,1.98,3.96,0.99,0.99,5.94,8.91,0.99,11.88,3.96,5.94,1.98,2.97,1.98,0.99,1.98,0,0,0,0,0,0,0,0,7.92,2.97,1.98,0,0,0,0,0,2.97,2.97,0,7.92
"77","77",77,0,0,0,0,0,0,0,0,0,0,0,0,0,0,0,0,0,0,0,0,0,0,0,0,0,0,0,0,0,0,0,0,0,0,0,0,0,0,0,0,0,0,0,0,0,0,0,0,0,0,0,0,0,0,0,0,0,0,0,0,0,0,0,0,0,0,0,0,0,0,0,0,0,0,0,0,0,0,0,0,0,0,0,0,0,0,0,0,0
"78","78",78,7.66666666666667,23,8.7,239.13,39.13,21.74,21.74,13.04,0,4.35,4.35,0,0,0,0,13.04,0,8.7,0,17.39,4.35,0,0,8.7,4.35,0,0,0,0,0,0,17.39,0,0,0,4.35,8.7,4.35,0,4.35,4.35,0,4.35,4.35,0,4.35,0,0,0,0,0,0,0,0,0,0,0,0,0,21.74,0,0,0,0,0,0,0,0,0,0,0,0,0,0,0,0,0,26.09,13.04,8.7,0,0,0,0,0,4.35,4.35,0,26.09
"79","79",79,21,63,19.05,214.29,47.62,3.17,3.17,0,0,1.59,1.59,0,0,14.29,15.87,9.52,1.59,4.76,4.76,12.7,3.17,3.17,0,12.7,3.17,1.59,1.59,0,0,0,0,6.35,0,0,0,1.59,11.11,0,0,6.35,1.59,4.76,1.59,1.59,0,1.59,0,0,0,0,0,0,0,0,0,0,0,0,1.59,4.76,0,12.7,0,9.52,3.17,0,0,0,0,0,0,0,0,0,0,0,0,15.87,4.76,4.76,0,0,0,0,0,6.35,6.35,0,15.87
"80","80",80,34,102,6.86,268.63,53.92,12.75,9.8,6.86,0,0.98,0.98,0.98,2.94,3.92,15.69,10.78,5.88,7.84,0.98,21.57,0.98,4.9,1.96,2.94,0.98,0.98,0.98,0,0,0,0,9.8,1.96,0.98,0,1.96,6.86,2.94,0.98,0.98,1.96,0,0.98,2.94,0,2.94,0,0.98,0,0.98,0,0,2.94,1.96,0,0.98,0,0,4.9,12.75,2.94,12.75,4.9,3.92,3.92,1.96,2.94,2.94,1.96,0,0,0,0,0,0,0,0,16.67,2.94,11.76,0,0,0,0,0,1.96,1.96,0,16.67
"81","81",81,12,48,33.33,291.67,52.08,12.5,6.25,0,0,6.25,0,0,6.25,6.25,12.5,12.5,6.25,4.17,4.17,22.92,6.25,10.42,0,8.33,0,4.17,4.17,0,0,0,0,16.67,4.17,0,0,0,10.42,0,0,4.17,4.17,0,4.17,0,0,0,0,0,0,0,0,0,8.33,4.17,0,4.17,0,0,4.17,8.33,0,10.42,4.17,4.17,2.08,0,4.17,4.17,4.17,0,0,0,0,0,0,0,0,16.67,6.25,2.08,0,0,2.08,0,0,6.25,6.25,0,16.67
"82","82",82,34,102,11.76,261.76,48.04,15.69,7.84,0.98,0,4.9,0.98,0.98,7.84,4.9,14.71,4.9,4.9,3.92,0.98,12.75,4.9,5.88,0,1.96,3.92,1.96,1.96,0,0,0,0,13.73,1.96,0,0,2.94,10.78,0,0,4.9,5.88,1.96,3.92,2.94,0,1.96,0,0.98,0,0.98,0,0,2.94,0,0.98,0.98,0.98,0,0.98,9.8,0,15.69,1.96,11.76,1.96,1.96,0,0,0.98,0.98,0,0.98,0,0,0,0.98,0,13.73,2.94,8.82,0,0,0,0,0,1.96,1.96,0,13.73
"83","83",83,24,72,12.5,234.72,41.67,8.33,6.94,2.78,1.39,2.78,0,0,1.39,5.56,18.06,2.78,1.39,6.94,0,18.06,2.78,4.17,0,5.56,1.39,0,0,0,0,0,0,9.72,0,0,0,0,8.33,4.17,2.78,0,0,0,1.39,4.17,0,4.17,0,0,0,0,0,0,4.17,1.39,1.39,1.39,0,0,6.94,6.94,0,22.22,4.17,8.33,9.72,0,0,1.39,0,0,0,0,0,0,0,0,0,16.67,4.17,9.72,0,0,0,0,0,2.78,2.78,0,16.67
"84","84",84,25.3333333333333,76,6.58,265.79,55.26,15.79,11.84,5.26,1.32,0,3.95,1.32,3.95,11.84,11.84,9.21,5.26,3.95,1.32,14.47,5.26,2.63,2.63,0,0,0,0,0,0,0,0,10.53,2.63,0,0,6.58,3.95,1.32,0,1.32,0,0,1.32,2.63,1.32,1.32,0,0,0,0,0,0,5.26,2.63,0,1.32,1.32,0,7.89,3.95,0,18.42,2.63,13.16,3.95,0,2.63,1.32,1.32,0,0,0,0,0,0,0,0,18.42,3.95,10.53,0,0,0,0,0,3.95,3.95,0,18.42
"85","85",85,8.66666666666667,26,11.54,280.77,46.15,15.38,7.69,3.85,0,0,0,3.85,7.69,3.85,7.69,11.54,0,7.69,7.69,19.23,11.54,7.69,0,0,0,7.69,7.69,0,0,0,0,3.85,0,0,0,0,23.08,7.69,0,3.85,0,0,11.54,0,0,0,0,0,0,0,0,0,15.38,0,0,7.69,7.69,0,3.85,11.54,0,0,0,0,0,0,0,0,7.69,0,0,0,0,0,0,0,0,26.92,11.54,7.69,0,0,0,0,0,7.69,7.69,0,26.92
"86","86",86,31.6666666666667,95,11.58,296.84,58.95,20,13.68,3.16,0,1.05,1.05,8.42,6.32,6.32,17.89,6.32,5.26,5.26,3.16,14.74,2.11,5.26,1.05,2.11,0,5.26,5.26,0,0,0,0,16.84,2.11,0,3.16,0,10.53,3.16,0,0,2.11,1.05,4.21,3.16,2.11,1.05,0,1.05,0,1.05,0,0,3.16,0,0,2.11,0,1.05,8.42,6.32,0,13.68,1.05,11.58,1.05,1.05,0,3.16,0,0,0,0,0,0,0,0,0,6.32,2.11,0,0,0,0,0,0,4.21,4.21,0,6.32
"87","87",87,0,0,0,0,0,0,0,0,0,0,0,0,0,0,0,0,0,0,0,0,0,0,0,0,0,0,0,0,0,0,0,0,0,0,0,0,0,0,0,0,0,0,0,0,0,0,0,0,0,0,0,0,0,0,0,0,0,0,0,0,0,0,0,0,0,0,0,0,0,0,0,0,0,0,0,0,0,0,0,0,0,0,0,0,0,0,0,0,0
"88","88",88,33.3333333333333,100,10,326,55,16,13,5,0,0,7,1,3,5,15,13,7,4,2,21,4,3,1,2,4,3,3,0,0,0,0,13,1,0,0,8,10,2,0,0,3,2,3,4,0,3,0,0,0,0,0,0,7,0,2,5,0,0,6,12,3,23,5,14,5,5,0,0,2,1,0,0,0,0,0,0,0,8,2,1,0,0,0,0,0,5,5,0,8
"89","89",89,0,0,0,0,0,0,0,0,0,0,0,0,0,0,0,0,0,0,0,0,0,0,0,0,0,0,0,0,0,0,0,0,0,0,0,0,0,0,0,0,0,0,0,0,0,0,0,0,0,0,0,0,0,0,0,0,0,0,0,0,0,0,0,0,0,0,0,0,0,0,0,0,0,0,0,0,0,0,0,0,0,0,0,0,0,0,0,0,0
"90","90",90,3,3,0,300,66.67,33.33,0,0,0,0,0,0,33.33,0,0,66.67,0,0,0,66.67,0,0,0,0,0,0,0,0,0,0,0,0,0,0,0,0,0,0,0,0,0,0,0,0,0,0,0,0,0,0,0,0,0,0,0,0,0,0,0,33.33,0,0,0,0,0,0,0,0,0,0,0,0,0,0,0,0,0,66.67,33.33,0,0,0,0,0,0,33.33,33.33,0,66.67
"91","91",91,18,72,6.94,320.83,56.94,18.06,15.28,2.78,0,11.11,1.39,0,2.78,6.94,18.06,13.89,4.17,5.56,4.17,16.67,6.94,8.33,1.39,0,4.17,5.56,4.17,1.39,0,0,0,25,4.17,0,4.17,0,11.11,0,0,4.17,1.39,4.17,1.39,4.17,2.78,1.39,0,0,0,0,0,0,4.17,1.39,0,0,0,2.78,2.78,11.11,0,6.94,0,2.78,4.17,1.39,4.17,1.39,1.39,0,0,1.39,0,0,0,1.39,0,15.28,5.56,1.39,0,0,0,0,0,8.33,8.33,0,15.28
"92","92",92,15.6666666666667,47,12.77,257.45,55.32,8.51,2.13,2.13,0,0,0,0,6.38,12.77,19.15,4.26,4.26,8.51,0,8.51,6.38,10.64,0,0,0,12.77,8.51,4.26,0,0,0,6.38,0,0,2.13,0,6.38,2.13,0,0,2.13,0,2.13,4.26,2.13,2.13,0,0,0,0,0,0,8.51,0,4.26,8.51,0,0,2.13,4.26,0,8.51,0,6.38,2.13,0,2.13,0,6.38,0,0,0,0,0,0,0,0,12.77,6.38,4.26,0,0,0,0,0,2.13,2.13,0,12.77
"93","93",93,21.6,108,10.19,246.3,50.93,12.96,4.63,1.85,0,2.78,0,0,8.33,5.56,14.81,10.19,4.63,7.41,2.78,18.52,5.56,6.48,1.85,0.93,0.93,2.78,2.78,0,0,0,0,7.41,0.93,0,0,0,9.26,2.78,0.93,2.78,0,0,2.78,0.93,0.93,0,0,0,0,0,0,0,3.7,0.93,0,2.78,0,0,3.7,9.26,2.78,10.19,3.7,3.7,2.78,2.78,0.93,0.93,2.78,0,0,0,0,0,0,0,0,21.3,1.85,12.04,0,0,1.85,0,0,3.7,3.7,0,21.3
"94","94",94,0,0,0,0,0,0,0,0,0,0,0,0,0,0,0,0,0,0,0,0,0,0,0,0,0,0,0,0,0,0,0,0,0,0,0,0,0,0,0,0,0,0,0,0,0,0,0,0,0,0,0,0,0,0,0,0,0,0,0,0,0,0,0,0,0,0,0,0,0,0,0,0,0,0,0,0,0,0,0,0,0,0,0,0,0,0,0,0,0
"95","95",95,16,32,9.38,281.25,53.12,9.38,3.12,0,0,3.12,0,0,6.25,6.25,21.88,9.38,3.12,3.12,3.12,18.75,0,3.12,3.12,0,3.12,3.12,3.12,0,0,0,0,3.12,0,0,0,0,21.88,6.25,3.12,3.12,6.25,3.12,6.25,0,0,0,0,0,0,0,0,0,9.38,0,0,6.25,3.12,0,3.12,15.62,0,12.5,0,9.38,3.12,0,0,0,3.12,0,0,3.12,0,0,3.12,0,0,18.75,0,9.38,0,0,6.25,0,0,3.12,3.12,0,18.75
"96","96",96,13,13,15.38,307.69,38.46,15.38,7.69,7.69,0,0,0,0,7.69,7.69,7.69,15.38,0,0,0,30.77,15.38,15.38,0,0,7.69,0,0,0,0,0,0,0,0,0,0,0,15.38,7.69,0,0,7.69,0,0,7.69,7.69,0,0,0,0,0,0,0,0,0,0,0,0,0,7.69,30.77,0,23.08,0,7.69,15.38,0,0,0,0,0,0,0,0,0,0,0,0,15.38,7.69,0,0,0,0,0,0,7.69,7.69,0,15.38
"97","97",97,5,10,0,300,40,30,20,0,0,20,0,0,10,0,0,10,0,0,0,40,0,0,0,10,0,20,20,0,0,0,0,20,0,0,0,0,0,0,0,0,0,0,0,0,0,0,0,0,0,0,0,0,10,0,0,0,10,0,10,30,0,0,0,0,0,0,0,0,0,0,0,0,0,0,0,0,0,20,10,0,0,0,10,0,0,0,0,0,20
"98","98",98,4,4,0,225,25,25,25,25,0,0,0,0,0,0,0,0,0,0,0,0,0,0,0,0,0,0,0,0,0,0,0,0,0,0,0,0,0,0,0,0,0,0,0,0,0,0,0,0,0,0,0,0,25,0,0,25,0,0,0,0,0,0,0,0,0,0,0,0,0,25,0,25,0,0,0,25,0,25,25,0,0,0,0,0,0,0,0,0,25
"99","99",99,22.75,91,13.19,280.22,50.55,18.68,8.79,1.1,1.1,2.2,1.1,3.3,9.89,4.4,16.48,6.59,4.4,4.4,0,19.78,2.2,1.1,1.1,1.1,2.2,2.2,1.1,1.1,0,0,0,19.78,3.3,1.1,1.1,4.4,9.89,1.1,0,2.2,4.4,1.1,5.49,3.3,0,3.3,0,3.3,3.3,0,0,0,5.49,1.1,0,1.1,2.2,1.1,5.49,10.99,0,7.69,2.2,4.4,1.1,1.1,1.1,0,3.3,0,0,0,0,0,0,0,0,15.38,4.4,6.59,0,0,0,0,0,4.4,4.4,0,15.38
"100","100",100,4,4,0,300,50,25,25,0,0,25,0,0,0,0,0,0,25,25,0,25,0,0,0,0,0,0,0,0,0,0,0,25,0,0,0,0,25,25,0,0,0,0,0,0,0,0,0,0,0,0,0,0,0,0,0,0,0,0,0,25,0,0,0,0,0,0,0,0,0,0,0,0,0,0,0,0,0,25,0,0,0,0,25,0,0,0,0,0,25
"101","101",101,11.6666666666667,35,22.86,328.57,65.71,17.14,8.57,0,0,0,0,8.57,8.57,5.71,8.57,11.43,14.29,2.86,14.29,14.29,0,5.71,2.86,0,0,8.57,8.57,0,0,0,0,17.14,0,0,0,0,28.57,2.86,2.86,2.86,0,14.29,5.71,2.86,0,0,0,0,0,0,0,0,5.71,0,0,2.86,2.86,0,0,17.14,0,8.57,0,0,8.57,0,0,0,0,0,0,0,0,0,0,0,0,22.86,8.57,5.71,0,0,0,0,0,8.57,8.57,0,22.86
"102","102",102,9,9,22.22,211.11,55.56,22.22,0,0,0,0,0,0,22.22,0,11.11,11.11,0,11.11,0,11.11,0,11.11,0,0,0,0,0,0,0,0,0,11.11,0,0,0,0,11.11,0,0,0,11.11,0,11.11,0,0,0,0,0,0,0,0,0,0,0,0,0,0,0,0,11.11,0,0,0,0,0,0,0,0,0,0,0,0,0,0,0,0,0,33.33,11.11,11.11,0,0,0,0,0,11.11,11.11,0,33.33
"103","103",103,19.6,98,3.06,239.8,45.92,12.24,10.2,5.1,0,3.06,1.02,1.02,2.04,9.18,14.29,4.08,4.08,4.08,1.02,15.31,5.1,4.08,2.04,3.06,2.04,0,0,0,0,0,0,12.24,2.04,0,2.04,2.04,8.16,3.06,3.06,2.04,0,0,0,4.08,0,3.06,1.02,2.04,2.04,0,0,0,3.06,0,0,3.06,0,0,5.1,6.12,1.02,11.22,1.02,7.14,3.06,2.04,0,0,1.02,0,0,0,0,0,0,0,0,15.31,4.08,9.18,0,0,1.02,0,0,1.02,1.02,0,15.31
"104","104",104,15.5,31,6.45,296.77,61.29,29.03,16.13,0,0,16.13,0,0,12.9,3.23,22.58,9.68,0,0,0,19.35,0,0,0,3.23,0,3.23,3.23,0,0,0,0,16.13,0,0,0,0,19.35,12.9,0,0,3.23,0,3.23,0,0,0,0,0,0,0,0,0,3.23,0,0,3.23,0,0,0,16.13,3.23,6.45,3.23,3.23,0,3.23,0,0,0,0,0,0,0,0,0,0,0,12.9,6.45,3.23,0,0,0,0,0,3.23,3.23,0,12.9
"105","105",105,11,11,9.09,372.73,72.73,27.27,9.09,0,0,9.09,0,0,18.18,0,18.18,27.27,0,0,9.09,27.27,0,0,0,0,0,9.09,0,9.09,0,9.09,0,9.09,0,0,0,0,36.36,9.09,0,9.09,9.09,0,9.09,0,0,0,0,0,0,0,0,0,0,0,0,0,0,0,0,18.18,0,9.09,0,9.09,0,0,0,0,0,0,9.09,0,0,0,0,0,0,18.18,9.09,0,0,0,0,0,0,9.09,9.09,0,18.18
"106","106",106,6.25,25,8,228,44,12,8,8,0,0,0,0,4,0,4,8,8,8,8,12,4,0,0,0,0,16,8,8,0,8,0,0,0,0,0,0,8,0,0,0,0,4,4,0,0,0,0,0,0,0,0,0,0,0,0,0,0,0,8,4,4,8,4,0,4,4,0,0,0,0,8,0,0,0,0,0,0,24,12,8,0,0,4,0,0,0,0,0,24
"107","107",107,8,16,25,200,50,6.25,0,0,0,0,0,0,6.25,12.5,6.25,18.75,12.5,0,6.25,18.75,6.25,6.25,0,0,6.25,0,0,0,0,0,0,6.25,0,0,0,0,12.5,0,0,6.25,0,0,6.25,0,0,0,0,0,0,0,0,0,0,0,0,0,0,0,0,12.5,0,0,0,0,0,0,0,0,0,0,0,0,0,0,0,0,0,25,12.5,0,0,0,0,0,0,12.5,12.5,0,25
"108","108",108,17.75,71,14.08,228.17,38.03,12.68,11.27,5.63,0,0,0,5.63,1.41,0,7.04,8.45,2.82,9.86,1.41,15.49,0,0,1.41,2.82,0,1.41,1.41,0,0,0,0,12.68,2.82,0,1.41,1.41,9.86,1.41,1.41,4.23,1.41,1.41,1.41,1.41,0,1.41,0,0,0,0,0,0,7.04,1.41,1.41,2.82,1.41,0,8.45,4.23,0,11.27,2.82,2.82,5.63,4.23,1.41,1.41,1.41,0,0,1.41,0,0,0,0,0,16.9,5.63,9.86,0,0,0,0,0,1.41,1.41,0,16.9
"109","109",109,19,57,17.54,275.44,50.88,12.28,5.26,0,0,0,1.75,3.51,7.02,3.51,15.79,8.77,8.77,5.26,5.26,8.77,5.26,1.75,1.75,0,7.02,5.26,3.51,1.75,0,0,0,8.77,1.75,0,0,3.51,15.79,0,0,3.51,5.26,5.26,7.02,0,0,0,0,0,0,0,0,0,3.51,0,0,1.75,0,1.75,0,7.02,0,19.3,3.51,10.53,5.26,1.75,1.75,0,5.26,0,0,0,0,0,0,0,0,19.3,3.51,8.77,0,0,1.75,0,0,5.26,5.26,0,19.3
"110","110",110,6,6,16.67,316.67,50,16.67,16.67,0,0,16.67,0,0,0,0,16.67,16.67,0,0,16.67,33.33,0,0,0,0,0,0,0,0,0,0,0,16.67,0,0,0,0,16.67,16.67,0,0,16.67,0,0,0,0,0,0,0,0,0,0,0,0,0,0,0,0,0,0,33.33,0,16.67,0,16.67,0,0,0,0,0,0,0,0,0,0,0,0,0,33.33,16.67,0,0,0,0,0,0,16.67,16.67,0,33.33
"111","111",111,13,52,19.23,278.85,48.08,15.38,7.69,3.85,0,1.92,0,1.92,7.69,9.62,9.62,15.38,1.92,0,1.92,25,5.77,1.92,0,3.85,3.85,0,0,0,0,0,0,11.54,1.92,0,0,1.92,11.54,3.85,0,1.92,5.77,0,1.92,3.85,1.92,1.92,0,0,0,0,0,0,3.85,0,0,1.92,1.92,0,13.46,9.62,0,17.31,1.92,11.54,3.85,0,0,0,0,0,0,0,0,0,0,0,0,15.38,7.69,1.92,0,0,0,0,0,5.77,5.77,0,15.38
"112","112",112,20.6666666666667,62,8.06,241.94,51.61,8.06,4.84,1.61,0,0,0,3.23,3.23,9.68,16.13,8.06,6.45,6.45,0,11.29,1.61,8.06,1.61,3.23,1.61,3.23,1.61,1.61,0,0,0,8.06,1.61,0,0,1.61,9.68,1.61,3.23,0,1.61,0,3.23,0,0,0,0,0,0,0,0,0,4.84,0,3.23,3.23,0,0,3.23,8.06,1.61,14.52,3.23,9.68,4.84,0,1.61,0,0,0,0,0,0,0,0,0,0,19.35,4.84,11.29,0,0,0,0,0,3.23,3.23,0,19.35
"113","113",113,11,33,12.12,212.12,42.42,12.12,6.06,3.03,3.03,0,0,0,6.06,6.06,15.15,0,6.06,6.06,0,15.15,3.03,9.09,0,3.03,0,0,0,0,0,0,0,12.12,0,0,0,0,0,0,0,0,0,0,0,12.12,3.03,6.06,3.03,0,0,0,0,0,3.03,3.03,0,0,0,0,6.06,6.06,0,9.09,3.03,6.06,3.03,0,0,0,0,0,0,0,0,0,0,0,0,24.24,9.09,12.12,0,0,0,0,0,3.03,3.03,0,24.24
"114","114",114,4.66666666666667,14,7.14,121.43,28.57,7.14,0,0,0,0,0,0,7.14,7.14,0,7.14,7.14,0,0,7.14,0,0,0,0,0,0,0,0,0,0,0,14.29,0,0,0,7.14,0,0,0,0,0,0,0,0,0,0,0,0,0,0,0,0,0,0,0,0,0,0,7.14,0,0,0,0,0,0,0,7.14,0,0,0,0,7.14,0,0,7.14,0,0,28.57,21.43,7.14,0,0,0,0,0,0,0,0,28.57
"115","115",115,17.6666666666667,53,3.77,296.23,62.26,22.64,13.21,1.89,0,0,9.43,1.89,9.43,9.43,11.32,9.43,0,11.32,3.77,11.32,3.77,0,1.89,0,1.89,0,0,0,0,0,0,16.98,3.77,0,0,13.21,11.32,1.89,0,1.89,5.66,0,7.55,7.55,7.55,0,0,1.89,1.89,0,0,0,1.89,0,0,1.89,0,0,5.66,5.66,0,7.55,1.89,5.66,0,0,0,0,0,0,0,0,0,0,0,0,0,13.21,5.66,1.89,0,0,0,0,0,5.66,5.66,0,13.21
"116","116",116,4.5,18,0,266.67,50,22.22,5.56,0,0,0,0,5.56,16.67,0,5.56,11.11,11.11,5.56,0,11.11,5.56,0,5.56,0,5.56,5.56,5.56,0,0,0,0,5.56,0,0,0,0,16.67,0,5.56,5.56,0,0,5.56,0,0,0,0,0,0,0,0,0,5.56,0,0,0,5.56,0,5.56,0,0,11.11,0,11.11,0,0,0,0,5.56,0,0,5.56,0,0,5.56,0,0,22.22,11.11,0,0,0,11.11,0,0,0,0,0,22.22
"117","117",117,8,8,25,312.5,50,37.5,25,12.5,0,0,0,12.5,12.5,0,12.5,0,0,0,0,25,0,0,0,0,0,0,0,0,0,0,0,12.5,0,0,0,0,25,12.5,12.5,0,12.5,0,0,0,0,0,0,0,0,0,0,0,0,0,0,0,0,0,0,25,0,12.5,0,12.5,0,0,0,0,0,0,0,0,0,0,0,0,0,12.5,12.5,0,0,0,0,0,0,0,0,0,12.5
"118","118",118,9,9,11.11,177.78,33.33,11.11,0,0,0,0,0,0,11.11,0,11.11,11.11,0,0,0,11.11,11.11,0,0,11.11,0,11.11,0,0,0,0,0,11.11,0,0,0,11.11,0,0,0,0,0,0,0,0,0,0,0,0,0,0,0,0,0,0,0,0,0,0,11.11,0,0,11.11,0,11.11,0,0,0,0,0,0,0,0,0,0,0,0,0,22.22,11.11,11.11,0,0,0,0,0,0,0,0,22.22
"119","119",119,3.66666666666667,11,18.18,136.36,27.27,0,0,0,0,0,0,0,0,0,18.18,0,9.09,0,0,0,0,0,0,18.18,9.09,0,0,0,0,0,0,0,0,0,0,0,9.09,9.09,0,0,0,0,0,0,0,0,0,0,0,0,0,0,0,0,0,0,0,0,0,0,0,9.09,0,9.09,0,0,0,0,0,0,0,9.09,0,0,9.09,0,0,27.27,27.27,0,0,0,0,0,0,0,0,0,27.27
"120","120",120,7,7,28.57,285.71,57.14,0,0,0,0,0,0,0,0,0,14.29,28.57,14.29,0,14.29,28.57,0,0,0,0,0,0,0,0,0,0,0,0,0,0,0,0,28.57,0,0,14.29,0,0,14.29,0,0,0,0,0,0,0,0,0,14.29,0,0,14.29,0,0,0,14.29,0,14.29,0,14.29,0,0,0,0,0,0,0,0,0,0,0,0,0,42.86,14.29,14.29,0,0,0,0,0,14.29,14.29,0,42.86
"121","121",121,5,5,0,340,60,20,20,20,0,0,0,0,0,0,0,20,20,0,20,40,0,0,0,0,0,0,0,0,0,0,0,0,0,0,0,0,40,20,0,0,0,0,20,0,0,0,0,0,0,0,0,0,0,0,0,0,0,0,0,40,0,0,0,0,0,0,0,0,0,0,0,0,0,0,0,0,0,40,20,0,0,0,0,0,0,20,20,0,40
"122","122",122,4.25,17,5.88,305.88,35.29,23.53,23.53,5.88,0,11.76,5.88,0,0,0,0,11.76,0,0,11.76,29.41,5.88,0,0,0,0,11.76,11.76,0,0,0,0,23.53,5.88,0,0,11.76,5.88,5.88,0,0,0,0,0,0,0,0,0,0,0,0,0,0,5.88,0,0,0,5.88,0,0,29.41,0,11.76,0,0,11.76,0,0,0,0,0,0,0,0,0,0,0,0,35.29,17.65,0,0,0,5.88,0,0,11.76,11.76,0,35.29
"123","123",123,7,14,14.29,300,50,28.57,21.43,7.14,0,7.14,7.14,0,7.14,14.29,0,7.14,0,0,0,28.57,0,0,0,0,0,0,0,0,0,0,0,21.43,0,0,0,7.14,7.14,7.14,0,0,0,0,0,0,0,0,0,0,0,0,0,0,0,0,0,0,0,0,14.29,21.43,0,21.43,14.29,0,7.14,0,0,0,0,0,0,0,0,0,0,0,0,14.29,14.29,0,0,0,0,0,0,0,0,0,14.29
"124","124",124,9,9,11.11,355.56,44.44,44.44,22.22,11.11,0,11.11,0,0,22.22,0,0,0,0,0,0,22.22,0,0,11.11,0,0,0,0,0,0,0,0,44.44,11.11,0,0,11.11,0,0,0,0,0,0,0,11.11,0,11.11,0,0,0,0,0,0,0,0,0,0,0,0,22.22,11.11,0,22.22,11.11,0,11.11,0,0,0,0,0,0,0,0,0,0,0,0,22.22,0,0,0,0,11.11,0,0,11.11,11.11,0,22.22
"125","125",125,5,15,0,326.67,60,26.67,20,13.33,0,0,6.67,0,6.67,6.67,6.67,20,0,0,13.33,33.33,6.67,6.67,0,0,0,0,0,0,0,0,0,13.33,0,0,13.33,0,6.67,6.67,0,0,0,0,0,6.67,6.67,0,0,0,0,0,0,0,0,0,0,0,0,0,20,13.33,0,6.67,0,0,6.67,0,0,0,0,0,0,0,0,0,0,0,0,33.33,20,0,0,0,0,0,0,13.33,13.33,0,33.33
"126","126",126,4,4,0,150,25,25,0,0,0,0,0,0,25,0,0,0,0,0,0,0,0,0,25,0,0,0,0,0,0,0,0,0,0,0,0,0,0,0,0,0,0,0,0,25,25,0,0,0,0,0,0,0,0,0,0,0,0,0,0,0,0,0,0,0,0,0,0,0,0,0,0,0,0,0,0,0,0,25,0,0,0,0,25,0,0,0,0,0,25
"127","127",127,5,5,0,220,20,0,0,0,0,0,0,0,0,0,20,0,0,0,0,0,20,0,0,0,0,20,20,0,0,0,0,0,0,0,0,0,20,0,0,0,20,0,0,40,40,0,0,0,0,0,0,0,0,0,0,0,0,0,0,0,0,0,0,0,0,0,0,0,0,0,0,0,0,0,0,0,0,20,20,0,0,0,0,0,0,0,0,0,20
"128","128",128,6.5,13,7.69,261.54,46.15,15.38,15.38,7.69,0,0,7.69,0,0,7.69,7.69,15.38,7.69,0,7.69,15.38,15.38,7.69,0,0,0,0,0,0,0,0,0,15.38,0,0,15.38,0,7.69,0,0,7.69,0,0,0,0,0,0,0,0,0,0,0,0,0,0,0,0,0,0,0,7.69,0,7.69,0,0,7.69,0,0,0,0,0,0,7.69,0,0,7.69,0,0,38.46,15.38,7.69,0,0,0,0,0,15.38,15.38,0,38.46
"129","129",129,5,5,0,320,20,20,20,0,0,0,20,0,0,0,0,0,0,0,0,20,20,0,0,0,0,0,0,0,0,0,0,20,0,0,20,0,40,20,0,0,40,0,0,0,0,0,0,0,0,0,0,0,0,0,0,0,0,0,20,0,0,20,0,0,20,0,0,0,0,0,0,0,0,0,0,0,0,20,20,0,0,0,0,0,0,0,0,0,20
"130","130",130,8.25,33,15.15,212.12,45.45,9.09,3.03,0,3.03,0,0,0,6.06,9.09,12.12,12.12,6.06,3.03,0,12.12,3.03,3.03,0,3.03,0,3.03,3.03,0,0,0,0,3.03,0,0,0,0,3.03,0,0,0,3.03,0,0,0,0,0,0,0,0,0,0,0,9.09,3.03,0,6.06,0,0,0,12.12,0,9.09,0,6.06,3.03,3.03,0,3.03,0,0,0,6.06,0,0,3.03,3.03,0,24.24,12.12,6.06,0,0,0,0,0,6.06,6.06,0,24.24
"131","131",131,12,36,0,225,44.44,5.56,0,0,0,0,0,0,5.56,13.89,5.56,5.56,2.78,11.11,2.78,11.11,8.33,5.56,2.78,0,2.78,0,0,0,0,0,0,2.78,0,0,0,0,8.33,0,0,2.78,0,2.78,2.78,2.78,0,2.78,0,0,0,0,0,0,2.78,0,0,2.78,0,0,2.78,5.56,5.56,25,0,5.56,19.44,2.78,0,0,0,0,0,0,0,0,0,0,0,16.67,8.33,5.56,0,0,0,0,0,2.78,2.78,0,16.67
"132","132",132,12.3333333333333,37,24.32,259.46,48.65,13.51,13.51,13.51,0,0,0,0,0,10.81,5.41,5.41,8.11,10.81,0,13.51,5.41,2.7,5.41,0,2.7,0,0,0,0,0,0,0,0,0,0,0,10.81,5.41,0,0,0,0,5.41,5.41,2.7,0,0,2.7,0,2.7,0,0,2.7,0,2.7,0,0,0,13.51,2.7,0,13.51,0,8.11,8.11,8.11,0,0,5.41,0,0,0,0,0,0,0,0,13.51,8.11,5.41,0,0,0,0,0,0,0,0,13.51
"133","133",133,7.5,15,6.67,306.67,60,6.67,0,0,0,0,0,0,6.67,6.67,13.33,13.33,26.67,6.67,0,20,0,0,6.67,0,0,0,0,0,0,0,0,6.67,0,0,6.67,0,20,0,6.67,0,6.67,0,6.67,0,0,0,0,0,0,0,0,0,6.67,0,0,6.67,0,0,0,20,0,26.67,0,13.33,13.33,0,0,0,0,0,0,0,0,0,0,0,0,20,13.33,0,0,0,0,0,0,6.67,6.67,0,20
"134","134",134,7,7,0,385.71,71.43,42.86,42.86,14.29,0,14.29,14.29,0,0,0,28.57,0,14.29,0,0,14.29,14.29,14.29,0,0,0,0,0,0,0,0,0,42.86,0,0,14.29,0,0,0,0,0,0,0,0,0,0,0,0,0,0,0,0,0,0,0,0,0,0,0,14.29,0,0,14.29,0,0,14.29,0,0,0,0,0,0,0,0,0,0,0,0,14.29,14.29,0,0,0,0,0,0,0,0,0,14.29
"135","135",135,16.25,65,10.77,269.23,53.85,13.85,7.69,1.54,0,0,6.15,0,6.15,7.69,16.92,9.23,3.08,7.69,0,10.77,1.54,4.62,0,3.08,1.54,6.15,6.15,0,0,0,0,10.77,3.08,0,7.69,0,12.31,1.54,0,0,3.08,3.08,7.69,0,0,0,0,3.08,0,3.08,0,0,6.15,3.08,0,1.54,1.54,0,1.54,6.15,1.54,9.23,1.54,4.62,3.08,0,3.08,3.08,0,0,0,0,0,0,0,0,0,15.38,6.15,3.08,0,0,0,0,0,6.15,6.15,0,15.38
"136","136",136,12.3333333333333,37,13.51,243.24,45.95,16.22,0,0,0,0,0,0,16.22,5.41,13.51,5.41,2.7,5.41,0,18.92,0,2.7,5.41,2.7,2.7,0,0,0,0,0,0,10.81,0,0,0,2.7,8.11,2.7,2.7,0,0,2.7,0,0,0,0,0,0,0,0,0,0,5.41,0,2.7,2.7,2.7,0,8.11,8.11,2.7,10.81,8.11,2.7,0,10.81,0,0,2.7,2.7,0,0,0,0,0,0,0,16.22,8.11,2.7,0,0,0,0,0,5.41,5.41,0,16.22
"137","137",137,18.25,73,13.7,284.93,47.95,13.7,10.96,1.37,0,0,9.59,0,2.74,5.48,8.22,6.85,4.11,9.59,2.74,12.33,1.37,4.11,0,6.85,2.74,6.85,2.74,4.11,1.37,1.37,1.37,16.44,4.11,1.37,0,16.44,10.96,1.37,0,1.37,2.74,2.74,5.48,1.37,0,0,0,1.37,0,0,0,1.37,6.85,0,2.74,2.74,0,1.37,8.22,5.48,0,9.59,0,8.22,1.37,1.37,0,0,1.37,0,0,0,0,0,0,0,0,12.33,4.11,4.11,0,0,1.37,0,0,2.74,2.74,0,12.33
"138","138",138,8.66666666666667,26,11.54,273.08,57.69,26.92,7.69,7.69,0,0,0,0,19.23,3.85,3.85,15.38,3.85,7.69,0,15.38,3.85,0,11.54,3.85,0,7.69,3.85,3.85,0,0,0,7.69,0,0,0,0,11.54,0,0,0,11.54,0,7.69,0,0,0,0,0,0,0,0,0,0,0,0,0,0,0,0,15.38,0,7.69,0,0,7.69,0,0,0,0,0,0,0,0,0,0,0,0,19.23,3.85,3.85,0,0,7.69,0,0,3.85,3.85,0,19.23
"139","139",139,5,10,0,160,40,10,0,0,0,0,0,0,10,10,0,10,0,0,10,10,10,0,0,0,0,0,0,0,0,0,0,10,0,0,10,0,0,0,0,0,0,0,0,0,0,0,0,0,0,0,0,0,0,0,0,0,0,0,10,0,0,10,0,0,10,0,0,0,0,0,0,0,0,0,0,0,0,30,20,10,0,0,0,0,0,0,0,0,30
"140","140",140,8.5,34,14.71,261.76,47.06,11.76,8.82,0,0,0,8.82,0,2.94,8.82,17.65,11.76,0,0,2.94,11.76,8.82,5.88,0,2.94,5.88,0,0,0,0,0,0,8.82,0,0,8.82,0,8.82,0,0,0,0,2.94,5.88,5.88,2.94,2.94,0,0,0,0,0,0,0,0,0,0,0,0,2.94,8.82,0,20.59,0,20.59,0,0,0,0,0,0,0,2.94,0,0,2.94,0,0,20.59,11.76,2.94,0,0,0,0,0,5.88,5.88,0,20.59
"141","141",141,4,4,0,150,0,0,0,0,0,0,0,0,0,0,0,0,0,0,0,0,25,0,0,0,0,25,0,25,0,0,25,0,0,0,0,0,0,0,0,0,0,0,0,0,0,0,0,0,0,0,0,0,0,0,0,0,0,0,0,0,0,0,0,0,0,0,0,0,0,0,0,25,0,0,25,0,0,50,25,25,0,0,0,0,0,0,0,0,50
"142","142",142,10,10,20,260,50,10,10,10,0,0,0,0,0,20,10,10,10,0,0,10,10,0,0,0,10,0,0,0,0,0,0,0,0,0,0,0,20,10,0,0,10,0,0,0,0,0,0,0,0,0,0,0,10,0,0,10,0,0,0,0,0,20,0,20,0,0,0,0,0,0,0,0,0,0,0,0,0,30,10,10,0,0,0,0,0,10,10,0,30
"143","143",143,9.75,39,5.13,292.31,56.41,28.21,17.95,17.95,0,0,0,0,10.26,7.69,10.26,12.82,2.56,0,2.56,23.08,2.56,2.56,0,5.13,0,2.56,2.56,0,0,0,0,10.26,5.13,0,0,5.13,5.13,5.13,0,0,0,0,0,2.56,0,2.56,0,0,0,0,0,0,2.56,2.56,0,0,0,0,7.69,12.82,0,10.26,2.56,5.13,5.13,0,2.56,0,0,0,0,0,0,0,0,0,0,17.95,10.26,0,0,0,0,0,0,7.69,7.69,0,17.95
"144","144",144,11.6666666666667,35,8.57,288.57,57.14,11.43,11.43,2.86,2.86,0,2.86,2.86,0,8.57,22.86,5.71,5.71,8.57,0,14.29,5.71,14.29,2.86,0,0,2.86,2.86,0,0,0,0,11.43,0,0,2.86,0,2.86,0,0,0,2.86,0,2.86,2.86,0,2.86,0,0,0,0,0,0,2.86,2.86,0,0,0,0,2.86,5.71,2.86,22.86,11.43,2.86,5.71,0,8.57,0,0,0,0,2.86,0,0,0,2.86,0,11.43,8.57,2.86,0,0,0,0,0,0,0,0,11.43
"145","145",145,9.66666666666667,29,24.14,331.03,44.83,17.24,17.24,6.9,0,0,10.34,0,0,0,10.34,13.79,3.45,0,6.9,20.69,3.45,3.45,0,10.34,0,6.9,6.9,0,0,0,0,24.14,6.9,6.9,0,17.24,13.79,0,0,10.34,6.9,0,0,0,0,0,0,3.45,0,3.45,0,0,10.34,6.9,0,3.45,0,0,0,13.79,3.45,6.9,0,6.9,0,0,0,0,3.45,0,0,0,0,0,0,0,0,31.03,10.34,6.9,0,0,0,0,0,13.79,13.79,0,31.03
"146","146",146,31.5,63,14.29,295.24,47.62,14.29,12.7,0,0,1.59,9.52,1.59,1.59,4.76,11.11,11.11,1.59,9.52,1.59,15.87,6.35,6.35,0,7.94,7.94,1.59,1.59,0,0,0,0,15.87,0,0,0,9.52,15.87,0,0,4.76,7.94,1.59,9.52,3.17,0,1.59,0,0,0,0,0,0,3.17,0,1.59,0,1.59,0,6.35,11.11,0,9.52,0,4.76,4.76,4.76,0,0,1.59,0,0,0,0,0,0,0,0,12.7,4.76,1.59,0,0,0,0,0,6.35,6.35,0,12.7
"147","147",147,11.5,46,19.57,297.83,47.83,19.57,13.04,0,2.17,8.7,0,2.17,6.52,0,8.7,13.04,0,6.52,4.35,26.09,0,0,0,8.7,8.7,4.35,4.35,0,0,0,0,15.22,0,0,0,0,26.09,0,6.52,8.7,4.35,8.7,4.35,2.17,0,2.17,0,0,0,0,0,0,4.35,2.17,0,0,2.17,0,2.17,13.04,0,4.35,0,4.35,0,0,0,0,2.17,0,0,0,0,0,0,0,0,15.22,6.52,2.17,0,0,2.17,0,0,4.35,4.35,0,15.22
"148","148",148,14.3333333333333,43,6.98,288.37,58.14,11.63,4.65,4.65,0,0,0,0,6.98,6.98,18.6,9.3,9.3,6.98,0,16.28,2.33,2.33,2.33,0,2.33,4.65,4.65,0,0,0,0,0,0,0,0,0,9.3,0,2.33,2.33,2.33,2.33,0,2.33,2.33,0,0,0,0,0,0,0,11.63,0,0,9.3,2.33,0,4.65,9.3,2.33,20.93,2.33,13.95,4.65,4.65,0,2.33,2.33,2.33,0,0,0,0,0,0,0,9.3,6.98,0,0,0,0,0,0,2.33,2.33,0,9.3
"149","149",149,37,37,13.51,254.05,48.65,13.51,8.11,5.41,0,2.7,0,0,5.41,8.11,5.41,8.11,2.7,16.22,0,16.22,5.41,2.7,2.7,0,2.7,2.7,2.7,0,0,0,0,10.81,2.7,0,0,2.7,13.51,2.7,2.7,2.7,5.41,0,5.41,8.11,0,5.41,0,0,0,0,0,0,2.7,0,2.7,0,0,0,0,18.92,0,2.7,0,2.7,0,2.7,0,0,0,0,0,0,0,0,0,0,0,5.41,0,0,0,0,2.7,0,0,2.7,2.7,0,5.41
"150","150",150,7,7,14.29,171.43,28.57,14.29,0,0,0,0,0,0,14.29,0,14.29,0,0,0,0,0,14.29,0,14.29,0,0,14.29,0,14.29,0,0,14.29,0,0,0,0,0,0,0,0,0,0,0,0,0,0,0,0,0,0,0,0,0,0,0,0,0,0,0,0,0,0,14.29,0,14.29,0,0,0,0,0,0,0,0,0,0,0,0,0,14.29,14.29,0,0,0,0,0,0,0,0,0,14.29
"151","151",151,24.3333333333333,73,17.81,320.55,58.9,16.44,12.33,1.37,2.74,8.22,0,0,4.11,6.85,12.33,17.81,4.11,6.85,5.48,27.4,1.37,2.74,1.37,5.48,1.37,1.37,0,1.37,0,0,1.37,13.7,0,0,0,0,13.7,1.37,1.37,5.48,4.11,1.37,5.48,1.37,0,1.37,0,0,0,0,0,0,9.59,2.74,0,1.37,5.48,0,1.37,15.07,1.37,15.07,1.37,10.96,2.74,1.37,0,0,1.37,0,0,0,0,0,0,0,0,21.92,0,8.22,0,0,4.11,0,0,9.59,9.59,0,21.92
"152","152",152,4.5,9,0,200,44.44,11.11,0,0,0,0,0,0,11.11,11.11,11.11,0,11.11,0,0,0,0,0,0,11.11,0,0,0,0,0,0,0,0,0,0,0,0,0,0,0,0,0,0,0,0,0,0,0,0,0,0,0,0,11.11,0,0,11.11,0,0,0,0,0,33.33,0,22.22,11.11,0,0,0,0,0,0,0,0,0,0,0,0,22.22,11.11,0,0,0,11.11,0,0,0,0,0,22.22
"153","153",153,6,6,16.67,316.67,50,33.33,16.67,0,0,16.67,0,0,16.67,0,0,16.67,0,0,0,33.33,0,0,16.67,0,0,0,0,0,0,0,0,16.67,0,0,0,0,0,0,0,0,0,0,0,0,0,0,0,0,0,0,0,0,0,0,0,0,0,0,16.67,16.67,0,33.33,0,0,33.33,0,0,0,0,0,0,0,0,0,0,0,0,16.67,0,0,0,0,16.67,0,0,0,0,0,16.67
"154","154",154,2,2,50,100,0,0,0,0,0,0,0,0,0,0,0,0,0,0,0,0,0,0,0,0,0,0,0,0,0,0,0,0,0,0,0,0,0,0,0,0,0,0,0,0,0,0,0,0,0,0,0,0,0,0,0,0,0,0,0,0,0,50,0,0,50,0,0,0,0,0,0,0,0,0,0,0,0,50,50,0,0,0,0,0,0,0,0,0,50
"155","155",155,4,8,12.5,325,50,12.5,12.5,0,0,12.5,0,0,0,0,25,0,0,12.5,0,12.5,25,25,0,0,0,12.5,12.5,0,0,0,0,12.5,0,0,0,0,12.5,0,0,0,12.5,0,12.5,0,0,0,0,0,0,0,0,0,0,0,0,0,0,0,0,12.5,0,25,0,0,25,0,0,0,0,0,0,0,0,0,0,0,0,25,12.5,0,0,0,12.5,0,0,0,0,0,25
"156","156",156,6.25,25,12,296,48,20,12,8,0,4,0,0,8,4,8,16,0,0,4,32,4,0,0,0,0,8,8,0,0,0,0,4,0,0,0,0,24,12,0,0,12,0,4,0,0,0,0,0,0,0,0,0,0,0,0,0,0,0,8,24,4,4,0,0,4,4,0,0,0,0,0,4,0,0,4,0,0,24,16,0,0,0,0,0,0,8,8,0,24
"157","157",157,5,5,0,400,60,20,20,0,0,20,0,0,0,0,0,20,20,20,0,40,20,0,20,0,0,0,0,0,0,0,0,20,0,0,0,0,40,20,20,0,0,0,0,0,0,0,0,0,0,0,0,0,0,0,0,0,0,0,20,20,0,0,0,0,0,0,0,0,0,0,0,0,0,0,0,0,0,20,0,0,0,0,20,0,0,0,0,0,20
"158","158",158,7,7,14.29,300,42.86,28.57,28.57,0,0,28.57,0,0,0,14.29,0,14.29,0,0,0,14.29,0,0,0,0,14.29,0,0,0,0,0,0,28.57,0,0,0,0,14.29,0,0,0,14.29,0,0,14.29,14.29,0,0,0,0,0,0,0,0,0,0,0,0,0,0,28.57,0,0,0,0,0,0,0,0,0,0,0,0,0,0,0,0,0,28.57,14.29,0,0,0,0,0,0,14.29,14.29,0,28.57
"159","159",159,4,4,0,225,50,25,25,25,0,0,0,0,0,0,0,25,0,0,0,25,0,0,0,0,0,0,0,0,0,0,0,0,0,0,0,0,25,0,0,25,0,0,0,0,0,0,0,0,0,0,0,0,0,0,0,0,0,0,0,0,0,0,0,0,0,0,0,0,0,0,0,0,0,0,0,0,0,25,25,0,0,0,0,0,0,0,0,0,25
"160","160",160,5,5,0,280,60,0,0,0,0,0,0,0,0,0,0,0,40,20,0,0,0,0,0,0,20,0,0,0,0,0,0,0,0,0,0,0,20,0,0,0,0,20,0,0,0,0,0,0,0,0,0,0,0,0,0,0,0,0,0,20,0,40,0,0,40,0,0,0,0,0,0,0,0,0,0,0,0,20,0,0,0,0,20,0,0,0,0,0,20
"161","161",161,7,7,0,257.14,42.86,14.29,0,0,0,0,0,0,14.29,0,0,28.57,0,0,0,28.57,28.57,0,0,0,0,14.29,0,14.29,0,0,14.29,0,0,0,0,0,0,0,0,0,0,0,0,14.29,14.29,0,14.29,0,0,0,0,0,0,0,0,0,0,0,14.29,0,0,0,0,0,0,0,0,0,0,0,0,0,0,0,0,0,0,28.57,0,14.29,0,0,14.29,0,0,0,0,0,28.57
"162","162",162,8.5,17,17.65,235.29,52.94,11.76,5.88,5.88,0,0,0,0,5.88,0,0,17.65,11.76,5.88,11.76,23.53,5.88,0,0,0,0,11.76,0,11.76,0,5.88,5.88,0,0,0,0,0,11.76,5.88,0,0,5.88,0,5.88,0,0,0,0,0,0,0,0,0,0,0,0,0,0,0,11.76,0,0,0,0,0,0,0,0,0,0,0,0,0,0,0,0,0,0,29.41,11.76,11.76,0,0,0,0,0,5.88,5.88,0,29.41
"163","163",163,8.5,34,14.71,282.35,44.12,17.65,11.76,11.76,0,0,0,0,5.88,2.94,17.65,2.94,2.94,2.94,0,14.71,8.82,2.94,0,0,0,8.82,5.88,2.94,0,0,2.94,8.82,2.94,0,0,2.94,2.94,0,0,0,0,0,2.94,2.94,2.94,0,0,5.88,0,0,0,2.94,2.94,2.94,0,0,0,0,0,2.94,8.82,20.59,8.82,5.88,11.76,2.94,2.94,5.88,2.94,0,0,0,0,0,0,0,0,17.65,11.76,2.94,0,0,0,0,0,2.94,2.94,0,17.65
"164","164",164,7,21,0,295.24,52.38,14.29,4.76,4.76,0,0,0,0,9.52,14.29,4.76,19.05,4.76,0,0,28.57,4.76,4.76,0,0,9.52,4.76,4.76,0,0,0,0,9.52,4.76,0,9.52,0,9.52,0,4.76,0,4.76,0,0,0,0,0,0,0,0,0,0,0,4.76,0,4.76,0,4.76,0,14.29,19.05,0,9.52,4.76,0,4.76,0,0,0,0,0,0,0,0,0,0,0,0,19.05,14.29,0,0,0,0,0,0,4.76,4.76,0,19.05
"165","165",165,9.25,37,5.41,348.65,59.46,29.73,16.22,8.11,0,0,8.11,0,13.51,2.7,5.41,18.92,0,8.11,5.41,32.43,2.7,0,0,0,2.7,2.7,0,2.7,0,2.7,0,8.11,0,0,8.11,0,21.62,8.11,2.7,0,2.7,2.7,5.41,0,0,0,0,0,0,0,0,0,2.7,0,0,0,2.7,0,8.11,24.32,2.7,13.51,5.41,2.7,5.41,0,0,0,0,0,0,0,0,0,0,0,0,21.62,8.11,0,0,0,2.7,0,0,10.81,10.81,0,21.62
"166","166",166,17.5,35,17.14,337.14,51.43,11.43,8.57,8.57,0,0,0,0,2.86,2.86,17.14,5.71,5.71,11.43,2.86,20,0,0,2.86,0,0,0,0,0,0,0,0,11.43,2.86,0,0,0,20,0,2.86,0,14.29,0,8.57,5.71,0,5.71,0,11.43,2.86,0,0,8.57,11.43,2.86,2.86,5.71,0,0,0,14.29,5.71,20,0,8.57,11.43,0,2.86,5.71,0,0,0,0,0,0,0,0,0,8.57,5.71,0,0,0,0,0,0,2.86,2.86,0,8.57
"167","167",167,5,5,0,280,40,20,20,0,0,20,0,0,0,0,20,0,0,0,0,20,0,0,0,0,0,0,0,0,0,0,0,40,20,0,20,0,0,0,0,0,0,0,0,20,20,0,0,0,0,0,0,0,0,0,0,0,0,0,0,20,0,0,0,0,0,0,0,0,0,0,0,0,0,0,0,0,0,20,0,0,0,0,20,0,0,0,0,0,20
"168","168",168,10.5,21,0,357.14,57.14,28.57,23.81,9.52,0,0,14.29,0,4.76,4.76,0,23.81,4.76,9.52,0,38.1,0,0,0,0,0,0,0,0,0,0,0,14.29,0,0,14.29,0,9.52,4.76,0,0,4.76,0,0,0,0,0,0,0,0,0,0,0,4.76,0,0,0,4.76,0,9.52,28.57,4.76,14.29,4.76,0,9.52,0,0,0,0,0,0,4.76,0,0,4.76,0,0,28.57,9.52,4.76,0,0,0,0,0,14.29,14.29,0,28.57
"169","169",169,5,5,20,360,60,20,0,0,0,0,0,0,20,0,0,40,0,0,0,40,20,0,0,0,0,20,0,20,0,0,0,0,0,0,0,0,20,0,0,20,0,20,0,0,0,0,0,0,0,0,0,0,20,0,0,0,0,20,0,20,0,0,0,0,0,0,0,0,0,0,0,0,0,0,0,0,0,20,20,0,0,0,0,0,0,0,0,0,20
"170","170",170,6.5,13,7.69,353.85,76.92,23.08,7.69,7.69,0,0,0,0,15.38,0,7.69,15.38,23.08,23.08,0,23.08,7.69,7.69,0,0,0,0,0,0,0,0,0,0,0,0,0,0,15.38,0,0,7.69,7.69,7.69,7.69,0,0,0,0,0,0,0,0,0,0,0,0,0,0,0,7.69,15.38,0,15.38,0,0,15.38,0,0,0,0,0,0,7.69,0,0,7.69,0,0,23.08,15.38,0,0,0,0,0,0,7.69,7.69,0,23.08
"171","171",171,2,2,0,100,0,0,0,0,0,0,0,0,0,0,0,0,0,0,0,0,0,0,0,0,0,0,0,0,0,0,0,0,0,0,0,0,0,0,0,0,0,0,0,0,0,0,0,0,0,0,0,0,0,0,0,0,0,0,0,0,0,0,0,0,0,0,0,0,0,0,0,50,0,0,50,0,0,50,50,0,0,0,0,0,0,0,0,0,50
"172","172",172,10.5,42,21.43,285.71,45.24,11.9,11.9,9.52,0,0,0,2.38,0,0,11.9,14.29,4.76,2.38,2.38,14.29,9.52,9.52,0,2.38,4.76,11.9,9.52,2.38,0,0,2.38,9.52,4.76,0,0,2.38,16.67,2.38,0,7.14,4.76,0,2.38,0,0,0,0,4.76,0,4.76,0,0,11.9,7.14,0,2.38,2.38,0,0,7.14,0,2.38,0,2.38,0,0,7.14,0,0,0,0,0,0,0,0,0,0,14.29,9.52,2.38,0,0,0,0,0,2.38,2.38,0,14.29
"173","173",173,17.5,35,11.43,297.14,54.29,8.57,8.57,2.86,5.71,0,0,0,0,11.43,17.14,5.71,5.71,11.43,0,17.14,2.86,8.57,2.86,0,5.71,0,0,0,0,0,0,5.71,0,0,0,0,11.43,0,0,0,8.57,2.86,2.86,0,0,0,0,0,0,0,0,0,5.71,5.71,0,0,0,0,0,14.29,2.86,31.43,14.29,2.86,14.29,0,5.71,0,0,0,0,0,0,0,0,0,0,11.43,5.71,2.86,0,0,0,0,0,2.86,2.86,0,11.43
"174","174",174,9,9,22.22,266.67,44.44,11.11,11.11,0,0,11.11,0,0,0,11.11,11.11,11.11,0,0,0,11.11,11.11,11.11,0,0,0,0,0,0,0,0,0,33.33,0,0,0,11.11,22.22,0,0,0,11.11,0,11.11,0,0,0,0,0,0,0,0,0,11.11,11.11,0,0,0,0,0,11.11,0,0,0,0,0,0,0,0,0,0,0,0,0,0,0,0,0,11.11,11.11,0,0,0,0,0,0,0,0,0,11.11
"175","175",175,4,8,25,187.5,12.5,0,0,0,0,0,0,0,0,0,12.5,0,0,0,0,0,25,12.5,0,0,12.5,12.5,12.5,0,0,0,0,12.5,0,0,0,0,12.5,0,0,0,12.5,0,0,0,0,0,0,0,0,0,0,0,12.5,12.5,0,0,0,0,0,0,0,0,0,0,0,0,0,0,0,0,0,12.5,0,0,12.5,0,0,25,25,0,0,0,0,0,0,0,0,0,25
"176","176",176,5,5,20,120,0,0,0,0,0,0,0,0,0,0,0,0,0,0,0,0,40,20,0,0,20,0,0,0,0,0,0,0,0,0,0,0,0,0,0,0,0,0,0,0,0,0,0,0,0,0,0,0,0,0,0,0,0,0,0,0,0,0,0,0,0,0,0,0,0,0,0,20,0,0,20,0,0,40,20,20,0,0,0,0,0,0,0,0,40
"177","177",177,24.25,97,14.43,306.19,53.61,18.56,13.4,5.15,0,0,0,8.25,5.15,3.09,13.4,8.25,2.06,8.25,1.03,16.49,4.12,4.12,1.03,0,3.09,2.06,1.03,1.03,1.03,0,0,18.56,4.12,0,1.03,1.03,13.4,1.03,0,4.12,2.06,2.06,7.22,5.15,1.03,4.12,0,3.09,2.06,1.03,0,0,7.22,3.09,0,2.06,1.03,1.03,5.15,6.19,2.06,13.4,2.06,10.31,1.03,2.06,0,0,0,0,0,2.06,1.03,0,1.03,0,0,11.34,3.09,6.19,0,0,0,0,0,2.06,2.06,0,11.34
"178","178",178,0,0,0,0,0,0,0,0,0,0,0,0,0,0,0,0,0,0,0,0,0,0,0,0,0,0,0,0,0,0,0,0,0,0,0,0,0,0,0,0,0,0,0,0,0,0,0,0,0,0,0,0,0,0,0,0,0,0,0,0,0,0,0,0,0,0,0,0,0,0,0,0,0,0,0,0,0,0,0,0,0,0,0,0,0,0,0,0,0
"179","179",179,27.3333333333333,82,19.51,259.76,42.68,7.32,6.1,4.88,0,1.22,0,0,1.22,4.88,13.41,9.76,2.44,6.1,2.44,23.17,6.1,4.88,1.22,4.88,0,4.88,4.88,0,0,0,0,13.41,3.66,0,0,0,7.32,2.44,0,2.44,0,0,2.44,3.66,0,2.44,0,1.22,0,0,0,1.22,6.1,3.66,0,2.44,0,0,3.66,10.98,2.44,10.98,6.1,3.66,1.22,2.44,3.66,4.88,3.66,1.22,0,0,0,0,0,0,0,17.07,3.66,10.98,0,0,0,0,0,2.44,2.44,0,17.07
"180","180",180,21.6666666666667,65,7.69,293.85,50.77,15.38,10.77,1.54,1.54,1.54,6.15,0,4.62,3.08,12.31,9.23,9.23,6.15,0,18.46,1.54,3.08,3.08,3.08,1.54,3.08,3.08,0,0,0,0,21.54,6.15,0,0,12.31,9.23,1.54,0,1.54,4.62,3.08,1.54,6.15,0,4.62,0,0,0,0,0,0,4.62,1.54,0,3.08,0,0,7.69,10.77,0,10.77,0,6.15,4.62,0,0,0,1.54,0,1.54,0,0,0,0,0,0,16.92,4.62,7.69,0,0,0,0,0,4.62,4.62,0,16.92
"181","181",181,35.6666666666667,107,12.15,216.82,44.86,7.48,3.74,2.8,0,0.93,0,0,3.74,12.15,14.02,2.8,2.8,5.61,0.93,8.41,0.93,5.61,0,4.67,2.8,0.93,0.93,0,0,0,0,12.15,2.8,0,1.87,0,10.28,0.93,0,0.93,6.54,0.93,2.8,5.61,0.93,4.67,0,0.93,0,0.93,0,0,1.87,0.93,0,0.93,0,0,0.93,5.61,0,9.35,0.93,7.48,1.87,0.93,0.93,5.61,0.93,0,0,0,0,0,0,0,0,20.56,0.93,15.89,0,0,0.93,0,0,2.8,2.8,0,20.56
"182","182",182,0,0,0,0,0,0,0,0,0,0,0,0,0,0,0,0,0,0,0,0,0,0,0,0,0,0,0,0,0,0,0,0,0,0,0,0,0,0,0,0,0,0,0,0,0,0,0,0,0,0,0,0,0,0,0,0,0,0,0,0,0,0,0,0,0,0,0,0,0,0,0,0,0,0,0,0,0,0,0,0,0,0,0,0,0,0,0,0,0
"183","183",183,16.6666666666667,50,18,272,56,14,12,2,0,0,10,0,2,6,12,12,4,6,4,18,0,0,0,6,0,4,2,2,0,0,0,12,2,0,12,0,10,0,0,2,2,0,6,0,0,0,0,2,0,2,0,0,2,0,0,0,0,2,8,6,0,12,0,12,0,0,0,2,2,0,0,2,0,0,0,0,2,14,6,6,0,0,0,0,0,2,2,0,14
"184","184",184,14,42,21.43,207.14,40.48,4.76,2.38,0,0,0,2.38,0,2.38,16.67,16.67,2.38,0,0,0,9.52,4.76,4.76,0,4.76,2.38,2.38,2.38,0,0,0,0,4.76,0,0,2.38,0,0,0,0,0,0,0,0,2.38,0,0,0,9.52,0,2.38,0,7.14,0,0,0,0,0,0,4.76,0,0,16.67,0,14.29,2.38,0,2.38,19.05,0,0,0,0,0,0,0,0,0,11.9,7.14,4.76,0,0,0,0,0,0,0,0,11.9
"185","185",185,18,54,14.81,316.67,53.7,22.22,14.81,3.7,7.41,3.7,0,0,7.41,5.56,11.11,9.26,1.85,7.41,0,18.52,1.85,3.7,3.7,1.85,1.85,1.85,1.85,0,0,0,0,16.67,0,1.85,0,0,9.26,0,3.7,1.85,1.85,1.85,0,0,0,0,0,3.7,0,1.85,0,0,14.81,12.96,0,1.85,0,0,7.41,7.41,0,20.37,3.7,5.56,11.11,1.85,0,3.7,0,0,0,0,0,0,0,0,0,7.41,5.56,0,0,0,0,0,0,1.85,1.85,0,7.41
"186","186",186,12.5,50,16,306,48,8,4,2,0,2,0,0,4,6,20,10,2,4,4,20,8,10,2,2,2,8,6,2,0,2,0,8,2,0,0,0,8,2,0,4,0,0,2,0,0,0,0,2,2,0,0,0,12,2,2,8,2,0,6,6,2,22,6,12,4,4,2,2,4,0,0,2,2,0,0,0,0,18,6,6,0,0,2,0,0,4,4,0,18
"187","187",187,28.6666666666667,86,15.12,277.91,51.16,13.95,9.3,3.49,0,2.33,2.33,1.16,4.65,5.81,12.79,10.47,4.65,6.98,1.16,19.77,5.81,3.49,1.16,4.65,3.49,1.16,1.16,0,0,0,0,13.95,2.33,1.16,0,5.81,9.3,3.49,0,1.16,3.49,1.16,3.49,3.49,0,2.33,0,2.33,1.16,1.16,0,0,8.14,0,2.33,5.81,0,0,1.16,12.79,2.33,5.81,1.16,4.65,0,2.33,0,0,3.49,1.16,0,0,0,0,0,0,0,8.14,3.49,1.16,0,0,0,0,0,3.49,3.49,0,8.14
"188","188",188,13,39,15.38,294.87,58.97,17.95,15.38,0,0,2.56,10.26,2.56,2.56,2.56,10.26,15.38,5.13,10.26,5.13,15.38,0,0,0,7.69,10.26,0,0,0,0,0,0,15.38,0,0,0,10.26,17.95,0,0,7.69,5.13,7.69,2.56,0,0,0,0,0,0,0,0,0,5.13,0,0,2.56,2.56,0,0,15.38,0,5.13,0,2.56,2.56,0,0,0,0,0,0,0,0,0,0,0,0,20.51,7.69,5.13,0,0,0,0,0,7.69,7.69,0,20.51
"189","189",189,7,42,28.57,219.05,40.48,7.14,2.38,0,0,0,2.38,0,4.76,7.14,11.9,9.52,0,4.76,2.38,11.9,9.52,7.14,4.76,23.81,2.38,0,0,0,0,0,0,2.38,0,0,0,2.38,11.9,2.38,0,4.76,4.76,0,4.76,0,0,0,0,0,0,0,0,0,0,0,0,0,0,0,0,9.52,0,9.52,2.38,0,7.14,2.38,0,0,2.38,0,0,0,0,0,0,0,0,21.43,4.76,4.76,0,0,9.52,0,0,2.38,2.38,0,21.43
"190","190",190,4,4,0,375,50,25,25,25,0,0,0,0,0,0,0,25,0,0,25,25,0,0,0,0,0,25,25,0,0,0,0,0,0,0,0,0,50,0,0,0,0,25,25,0,0,0,0,0,0,0,0,0,0,0,0,0,0,0,0,25,0,0,0,0,0,0,0,0,0,0,0,0,0,0,0,0,0,50,25,0,0,0,0,0,0,25,25,0,50
"191","191",191,9.4,47,12.77,282.98,51.06,19.15,14.89,10.64,0,2.13,2.13,0,4.26,4.26,12.77,8.51,12.77,2.13,2.13,19.15,2.13,0,0,0,0,4.26,4.26,0,0,0,0,8.51,4.26,0,0,6.38,6.38,0,2.13,0,2.13,0,2.13,2.13,2.13,0,0,0,0,0,0,0,4.26,0,0,0,4.26,0,0,14.89,0,14.89,4.26,8.51,6.38,0,2.13,2.13,0,0,0,4.26,0,0,2.13,0,2.13,21.28,8.51,4.26,0,0,2.13,0,0,4.26,4.26,0,21.28
"192","192",192,8,24,8.33,295.83,54.17,12.5,8.33,4.17,4.17,0,0,0,4.17,0,8.33,8.33,8.33,16.67,0,8.33,8.33,4.17,0,0,0,4.17,4.17,0,0,0,0,4.17,0,0,0,0,4.17,0,0,0,4.17,0,0,0,0,0,0,12.5,4.17,0,0,8.33,8.33,4.17,0,0,4.17,0,0,8.33,8.33,29.17,4.17,8.33,20.83,0,0,4.17,0,0,0,0,0,0,0,0,0,12.5,12.5,0,0,0,0,0,0,0,0,0,12.5
"193","193",193,6,6,0,350,66.67,33.33,16.67,16.67,0,0,0,0,16.67,0,0,16.67,16.67,0,16.67,16.67,0,0,16.67,0,0,16.67,16.67,0,0,0,0,0,0,0,0,0,33.33,0,0,0,0,16.67,16.67,0,0,0,0,0,0,0,0,0,0,0,0,0,0,0,0,16.67,0,0,0,0,0,0,0,0,0,0,0,0,0,0,0,0,0,33.33,16.67,0,0,0,0,0,0,16.67,16.67,0,33.33
"194","194",194,7,7,0,271.43,57.14,28.57,14.29,0,0,14.29,0,0,14.29,0,0,14.29,14.29,0,0,14.29,0,0,0,0,0,0,0,0,0,0,0,14.29,0,0,0,0,0,0,0,0,0,0,0,0,0,0,0,0,0,0,0,0,0,0,0,0,0,0,0,14.29,0,28.57,14.29,14.29,14.29,0,0,0,0,0,0,0,0,0,0,0,0,28.57,0,14.29,0,0,14.29,0,0,0,0,0,28.57
"195","195",195,5.5,11,18.18,309.09,45.45,27.27,18.18,18.18,0,0,0,0,9.09,0,0,9.09,9.09,0,9.09,18.18,0,0,0,0,0,0,0,0,0,0,0,9.09,9.09,0,0,9.09,9.09,0,0,0,0,0,9.09,0,0,0,0,0,0,0,0,0,9.09,0,0,0,9.09,0,9.09,18.18,0,27.27,18.18,0,9.09,0,0,0,0,0,0,0,0,0,0,0,0,27.27,18.18,0,0,0,0,0,0,9.09,9.09,0,27.27
"196","196",196,7,7,14.29,357.14,57.14,28.57,28.57,0,0,14.29,14.29,0,0,0,14.29,0,14.29,0,0,0,0,0,0,0,0,0,0,0,0,0,0,28.57,0,0,0,14.29,0,0,0,0,0,0,0,0,0,0,0,0,0,0,0,0,0,0,0,0,0,0,0,14.29,0,57.14,14.29,28.57,28.57,0,0,0,0,0,0,0,0,0,0,0,0,14.29,0,0,0,0,14.29,0,0,0,0,0,14.29
"197","197",197,8,32,9.38,268.75,46.88,15.62,12.5,6.25,3.12,0,3.12,0,3.12,6.25,12.5,9.38,3.12,6.25,0,9.38,12.5,6.25,0,3.12,6.25,3.12,3.12,0,0,0,0,12.5,0,6.25,0,3.12,6.25,0,0,0,6.25,0,0,0,0,0,0,0,0,0,0,0,12.5,9.38,0,0,3.12,0,0,12.5,0,9.38,3.12,0,6.25,0,0,0,0,0,0,3.12,0,0,3.12,0,0,21.88,12.5,0,0,0,0,0,0,9.38,9.38,0,21.88
"198","198",198,9,18,0,283.33,50,22.22,22.22,5.56,0,0,16.67,0,0,16.67,11.11,16.67,0,5.56,0,16.67,11.11,16.67,0,0,0,0,0,0,0,0,0,16.67,0,0,0,16.67,0,0,0,0,0,0,0,0,0,0,0,0,0,0,0,0,5.56,0,0,5.56,0,0,0,16.67,0,5.56,0,0,5.56,0,0,0,0,0,0,0,0,0,0,0,0,33.33,16.67,0,0,0,0,0,0,16.67,16.67,0,33.33
"199","199",199,3.66666666666667,11,9.09,263.64,36.36,27.27,27.27,0,9.09,18.18,0,0,0,0,0,0,9.09,0,0,18.18,0,0,0,0,9.09,18.18,18.18,0,0,0,0,27.27,0,0,0,0,0,0,0,0,0,0,0,0,0,0,0,0,0,0,0,0,9.09,9.09,0,0,0,0,0,18.18,0,0,0,0,0,0,9.09,0,0,0,0,0,0,0,0,0,0,27.27,27.27,0,0,0,0,0,0,0,0,0,27.27
